매장명,주소,전화번호,카테고리,카카오맵링크
소녀폰 김포사우역점,경기 김포시 돌문로 48 한솔프라자 5층 501-1호,010-6890-7779,휴대폰판매,https://map.kakao.com/?from=total&nil_suggest=btn&q=%ED%9C%B4%EB%8C%80%ED%8F%B0+%EA%B2%BD%EA%B8%B0&tab=place#none
소녀폰 김포구래역점,경기 김포시 김포한강9로75번길 10 서경프라자 4층 401호,010-5862-8804,휴대폰판매,https://map.kakao.com/?from=total&nil_suggest=btn&q=%ED%9C%B4%EB%8C%80%ED%8F%B0+%EA%B2%BD%EA%B8%B0&tab=place#none
소녀폰 성남모란점,경기 성남시 중원구 성남대로 1133 성남메트로칸 2층 9-B호,010-7778-4959,휴대폰판매,https://map.kakao.com/?from=total&nil_suggest=btn&q=%ED%9C%B4%EB%8C%80%ED%8F%B0+%EA%B2%BD%EA%B8%B0&tab=place#none
동탄휴대폰성지 도매폰센타,경기 화성시 동탄솔빛로 53 모닝타운 109호 동탄도매폰센타,010-7687-0786,휴대폰판매,https://map.kakao.com/?from=total&nil_suggest=btn&q=%ED%9C%B4%EB%8C%80%ED%8F%B0+%EA%B2%BD%EA%B8%B0&tab=place#none
소녀폰 광교상현역점,경기 용인시 수지구 광교중앙로295번길 25 광교2차푸르지오시티A동 105호,010-8451-7263,휴대폰판매,https://map.kakao.com/?from=total&nil_suggest=btn&q=%ED%9C%B4%EB%8C%80%ED%8F%B0+%EA%B2%BD%EA%B8%B0&tab=place#none
소녀폰 시흥신천역점,경기 시흥시 수인로3312번길 16 시흥 센트럴 푸르지오 테라스몰 101동 1층 T108호,010-3463-3338,휴대폰판매,https://map.kakao.com/?from=total&nil_suggest=btn&q=%ED%9C%B4%EB%8C%80%ED%8F%B0+%EA%B2%BD%EA%B8%B0&tab=place#none
옆커폰 수원영통점,경기 수원시 영통구 봉영로 1590 밀레니엄프라자 1층 114호,010-4381-4900,휴대폰판매,https://map.kakao.com/?from=total&nil_suggest=btn&q=%ED%9C%B4%EB%8C%80%ED%8F%B0+%EA%B2%BD%EA%B8%B0&tab=place#none
옆커폰 분당점,경기 성남시 분당구 분당로263번길 39 1층,010-6333-3649,휴대폰판매,https://map.kakao.com/?from=total&nil_suggest=btn&q=%ED%9C%B4%EB%8C%80%ED%8F%B0+%EA%B2%BD%EA%B8%B0&tab=place#none
소녀폰 용인점,경기 용인시 처인구 금령로71번길 7-1 4층,010-5682-8943,휴대폰판매,https://map.kakao.com/?from=total&nil_suggest=btn&q=%ED%9C%B4%EB%8C%80%ED%8F%B0+%EA%B2%BD%EA%B8%B0&tab=place#none
옆커폰 수원망포점,경기 수원시 영통구 영통로 124 중앙프라자 1층 1호,010-8777-7332,휴대폰판매,https://map.kakao.com/?from=total&nil_suggest=btn&q=%ED%9C%B4%EB%8C%80%ED%8F%B0+%EA%B2%BD%EA%B8%B0&tab=place#none
옆커폰 의정부역점,경기 의정부시 평화로 486 1층 103호,010-7746-1095,휴대폰판매,https://map.kakao.com/?from=total&nil_suggest=btn&q=%ED%9C%B4%EB%8C%80%ED%8F%B0+%EA%B2%BD%EA%B8%B0&tab=place#none
소녀폰 부천역곡역점,경기 부천시 원미구 역곡로13번길 17 휴캐슬 203-3호,010-3949-7003,휴대폰판매,https://map.kakao.com/?from=total&nil_suggest=btn&q=%ED%9C%B4%EB%8C%80%ED%8F%B0+%EA%B2%BD%EA%B8%B0&tab=place#none
소녀폰 일산화정역점,경기 고양시 덕양구 화신로260번길 57 요진타워 7층 718호,010-4617-2514,휴대폰판매,https://map.kakao.com/?from=total&nil_suggest=btn&q=%ED%9C%B4%EB%8C%80%ED%8F%B0+%EA%B2%BD%EA%B8%B0&tab=place#none
옆커폰 부천점,경기 부천시 원미구 길주로 246 부천중동리슈빌엔클래스 1층,010-7578-4994,휴대폰판매,https://map.kakao.com/?from=total&nil_suggest=btn&q=%ED%9C%B4%EB%8C%80%ED%8F%B0+%EA%B2%BD%EA%B8%B0&tab=place#none
옆커폰 오산점,경기 오산시 내삼미로 85 1층 103호,010-5959-2631,휴대폰판매,https://map.kakao.com/?from=total&nil_suggest=btn&q=%ED%9C%B4%EB%8C%80%ED%8F%B0+%EA%B2%BD%EA%B8%B0&tab=place#none
옆커폰 용인점,경기 용인시 수지구 달맞이로 63 1층,010-3664-2188,휴대폰판매,https://map.kakao.com/?from=total&nil_suggest=btn&q=%ED%9C%B4%EB%8C%80%ED%8F%B0+%EA%B2%BD%EA%B8%B0&tab=place#none
옆커폰 화성점,경기 화성시 동탄반석로 204 제일프라자 1층 110호,010-2188-1448,휴대폰판매,https://map.kakao.com/?from=total&nil_suggest=btn&q=%ED%9C%B4%EB%8C%80%ED%8F%B0+%EA%B2%BD%EA%B8%B0&tab=place#none
옆커폰 당동점,경기 군포시 군포로 566 1층 101호,010-5817-8772,휴대폰판매,https://map.kakao.com/?from=total&nil_suggest=btn&q=%ED%9C%B4%EB%8C%80%ED%8F%B0+%EA%B2%BD%EA%B8%B0&tab=place#none
옆커폰 봉담점,경기 화성시 봉담읍 상리3길 160 중흥에스클래스더센트럴 단지내상가 218동 1층 107호,010-8184-6717,휴대폰판매,https://map.kakao.com/?from=total&nil_suggest=btn&q=%ED%9C%B4%EB%8C%80%ED%8F%B0+%EA%B2%BD%EA%B8%B0&tab=place#none
옆 커폰 도농점,경기 남양주시 미금로 235 다산법조메디컬타워 1층 102호,010-2121-8611,휴대폰판매,https://map.kakao.com/?from=total&nil_suggest=btn&q=%ED%9C%B4%EB%8C%80%ED%8F%B0+%EA%B2%BD%EA%B8%B0&tab=place#none
휴대폰성지 옆커폰 부천상동점,경기 부천시 원미구 상동로 84 영플러스 1층 101호,010-7422-4994,휴대폰판매,https://map.kakao.com/?from=total&nil_suggest=btn&q=%ED%9C%B4%EB%8C%80%ED%8F%B0+%EA%B2%BD%EA%B8%B0&tab=place#none
옆커폰 구리갈매점,경기 구리시 갈매순환로 194 신영프라자 1층 106-2호,010-9686-1156,휴대폰판매,https://map.kakao.com/?from=total&nil_suggest=btn&q=%ED%9C%B4%EB%8C%80%ED%8F%B0+%EA%B2%BD%EA%B8%B0&tab=place#none
휴대폰성지 옆커폰 별내점,경기 남양주시 별내중앙로 49 탑프라자 1층 104호,010-5544-4386,휴대폰판매,https://map.kakao.com/?from=total&nil_suggest=btn&q=%ED%9C%B4%EB%8C%80%ED%8F%B0+%EA%B2%BD%EA%B8%B0&tab=place#none
옆커폰 양주옥정점,경기 양주시 회천남로 88 M타워 1층 108호,010-7261-0831,휴대폰판매,https://map.kakao.com/?from=total&nil_suggest=btn&q=%ED%9C%B4%EB%8C%80%ED%8F%B0+%EA%B2%BD%EA%B8%B0&tab=place#none
옆커폰 약대점,경기 부천시 오정구 중동로 398 홍익상가 1층 신흥시장 사거리,010-5711-8816,휴대폰판매,https://map.kakao.com/?from=total&nil_suggest=btn&q=%ED%9C%B4%EB%8C%80%ED%8F%B0+%EA%B2%BD%EA%B8%B0&tab=place#none
휴대폰성지 옆커폰 화성향남점,경기 화성시 향남읍 행정중앙2로 67 1층 116호,010-5761-7777,휴대폰판매,https://map.kakao.com/?from=total&nil_suggest=btn&q=%ED%9C%B4%EB%8C%80%ED%8F%B0+%EA%B2%BD%EA%B8%B0&tab=place#none
옆커 폰 부천중동남부점,경기 부천시 소사구 중동로22번길 29 SKY캐슬 101동 1층 101호,010-5722-7755,휴대폰판매,https://map.kakao.com/?from=total&nil_suggest=btn&q=%ED%9C%B4%EB%8C%80%ED%8F%B0+%EA%B2%BD%EA%B8%B0&tab=place#none
휴대폰성지 옆커폰 용인죽전점,경기 용인시 수지구 현암로 81 벤포스타 1층 111호,010-3322-6922,휴대폰판매,https://map.kakao.com/?from=total&nil_suggest=btn&q=%ED%9C%B4%EB%8C%80%ED%8F%B0+%EA%B2%BD%EA%B8%B0&tab=place#none
옆커폰 김포점,경기 김포시 김포한강2로 11 쌍용예가아파트 상가 1층,010-5520-6583,휴대폰판매,https://map.kakao.com/?from=total&nil_suggest=btn&q=%ED%9C%B4%EB%8C%80%ED%8F%B0+%EA%B2%BD%EA%B8%B0&tab=place#none
옆커폰 안양점,경기 안양시 만안구 박달로 572-1,010-2247-0415,휴대폰판매,https://map.kakao.com/?from=total&nil_suggest=btn&q=%ED%9C%B4%EB%8C%80%ED%8F%B0+%EA%B2%BD%EA%B8%B0&tab=place#none
옆커폰 이충점,경기 평택시 이충로35번길 28-22 리치플러스 1층 103호,010-4462-4482,휴대폰판매,https://map.kakao.com/?from=total&nil_suggest=btn&q=%ED%9C%B4%EB%8C%80%ED%8F%B0+%EA%B2%BD%EA%B8%B0&tab=place#none
옆커폰 안산초지점,경기 안산시 단원구 화랑로 102 센트럴포레 상가1동 1층 124호,010-8486-0857,휴대폰판매,https://map.kakao.com/?from=total&nil_suggest=btn&q=%ED%9C%B4%EB%8C%80%ED%8F%B0+%EA%B2%BD%EA%B8%B0&tab=place#none
휴대폰 성지 옆커 폰 광주양벌점,경기 광주시 양벌로 300-1 101동 1층 102호,010-8069-8353,휴대폰판매,https://map.kakao.com/?from=total&nil_suggest=btn&q=%ED%9C%B4%EB%8C%80%ED%8F%B0+%EA%B2%BD%EA%B8%B0&tab=place#none
옆커폰 용인수지점,경기 용인시 수지구 문정로 46 한길타운 1층 103호,010-4141-1288,휴대폰판매,https://map.kakao.com/?from=total&nil_suggest=btn&q=%ED%9C%B4%EB%8C%80%ED%8F%B0+%EA%B2%BD%EA%B8%B0&tab=place#none
옆커폰 군포점,경기 군포시 금산로 89 레미안하이어스상가 1층 3116호,010-2623-9985,휴대폰판매,https://map.kakao.com/?from=total&nil_suggest=btn&q=%ED%9C%B4%EB%8C%80%ED%8F%B0+%EA%B2%BD%EA%B8%B0&tab=place#none
옆커폰 일산점,경기 고양시 일산동구 숲속마을2로 115 상가 1층,010-7247-1256,휴대폰판매,https://map.kakao.com/?from=total&nil_suggest=btn&q=%ED%9C%B4%EB%8C%80%ED%8F%B0+%EA%B2%BD%EA%B8%B0&tab=place#none
옆커폰 고촌점,경기 김포시 고촌읍 김포대로 339 1동 1층 101호,010-2156-4859,휴대폰판매,https://map.kakao.com/?from=total&nil_suggest=btn&q=%ED%9C%B4%EB%8C%80%ED%8F%B0+%EA%B2%BD%EA%B8%B0&tab=place#none
옆커폰 소새울점,경기 부천시 소사구 은성로68번길 59 1층,010-3307-8272,휴대폰판매,https://map.kakao.com/?from=total&nil_suggest=btn&q=%ED%9C%B4%EB%8C%80%ED%8F%B0+%EA%B2%BD%EA%B8%B0&tab=place#none
휴대폰성지 옆커폰 의정부민락점,경기 의정부시 용민로 192 웅신프라자 1층 118호,010-5805-8493,휴대폰판매,https://map.kakao.com/?from=total&nil_suggest=btn&q=%ED%9C%B4%EB%8C%80%ED%8F%B0+%EA%B2%BD%EA%B8%B0&tab=place#none
휴대폰성지 옆커폰 김포장기점,경기 김포시 김포한강1로 77-4 1동 102호,010-5627-8862,휴대폰판매,https://map.kakao.com/?from=total&nil_suggest=btn&q=%ED%9C%B4%EB%8C%80%ED%8F%B0+%EA%B2%BD%EA%B8%B0&tab=place#none
옆 커폰 구리토평점,경기 구리시 이문안로 132 1층,010-7256-2184,휴대폰판매,https://map.kakao.com/?from=total&nil_suggest=btn&q=%ED%9C%B4%EB%8C%80%ED%8F%B0+%EA%B2%BD%EA%B8%B0&tab=place#none
옆 커폰 광명사거리점,경기 광명시 광명로 834 광명 퍼스트 스위첸 1층 110호,010-2737-3929,휴대폰판매,https://map.kakao.com/?from=total&nil_suggest=btn&q=%ED%9C%B4%EB%8C%80%ED%8F%B0+%EA%B2%BD%EA%B8%B0&tab=place#none
중고폰뱅크 오산점,경기 오산시 오산로 237 1층,010-7614-4977,휴대폰판매,https://map.kakao.com/?from=total&nil_suggest=btn&q=%ED%9C%B4%EB%8C%80%ED%8F%B0+%EA%B2%BD%EA%B8%B0&tab=place#none
중고나라 풍무점,경기 김포시 유현로238번길 28 빈첸빌딩 2층 201호,010-3033-1558,휴대폰판매,https://map.kakao.com/?from=total&nil_suggest=btn&q=%ED%9C%B4%EB%8C%80%ED%8F%B0+%EA%B2%BD%EA%B8%B0&tab=place#none
중고폰뱅크 평택점,경기 평택시 고덕여염로 118 SBC지식산업센타 B동 2층 225호,010-7516-4977,휴대폰판매,https://map.kakao.com/?from=total&nil_suggest=btn&q=%ED%9C%B4%EB%8C%80%ED%8F%B0+%EA%B2%BD%EA%B8%B0&tab=place#none
중고폰뱅크 의정부점,경기 의정부시 시민로 39 4층 408-1호,010-5819-4980,휴대폰판매,https://map.kakao.com/?from=total&nil_suggest=btn&q=%ED%9C%B4%EB%8C%80%ED%8F%B0+%EA%B2%BD%EA%B8%B0&tab=place#none
휴대폰성지 옆커폰 하남점,경기 하남시 미사강변동로 79 미사역타워 1층 104호,010-2187-1095,휴대폰판매,https://map.kakao.com/?from=total&nil_suggest=btn&q=%ED%9C%B4%EB%8C%80%ED%8F%B0+%EA%B2%BD%EA%B8%B0&tab=place#none
기묘한신사,경기 수원시 팔달구 효원로308번길 58-9 A동 102호,010-4838-0901,휴대폰판매,https://map.kakao.com/?from=total&nil_suggest=btn&q=%ED%9C%B4%EB%8C%80%ED%8F%B0+%EA%B2%BD%EA%B8%B0&tab=place#none
휴대폰성지 직폰 시흥점,경기 시흥시 서울대학로264번길 44-4 에스프라자 1층 106호,010-8483-6661,휴대폰판매,https://map.kakao.com/?from=total&nil_suggest=btn&q=%ED%9C%B4%EB%8C%80%ED%8F%B0+%EA%B2%BD%EA%B8%B0&tab=place#none
중고폰뱅크 수원북문점,경기 수원시 장안구 정조로933번길 6 1층 103호,010-5644-4977,휴대폰판매,https://map.kakao.com/?from=total&nil_suggest=btn&q=%ED%9C%B4%EB%8C%80%ED%8F%B0+%EA%B2%BD%EA%B8%B0&tab=place#none
평택중고폰 아이폰수리에코폰 평택점,경기 평택시 비전5로 10 센트럴돔 1층,010-2361-9663,,https://map.kakao.com/?from=total&nil_suggest=btn&q=%ED%9C%B4%EB%8C%80%ED%8F%B0+%EA%B2%BD%EA%B8%B0&tab=place#none
휴대폰성지 옆커폰 금곡점,경기 수원시 권선구 금곡로102번길 29 센트럴프라자 A동 1층 103호,010-4385-7057,휴대폰판매,https://map.kakao.com/?from=total&nil_suggest=btn&q=%ED%9C%B4%EB%8C%80%ED%8F%B0+%EA%B2%BD%EA%B8%B0&tab=place#none
남양중고폰휴대폰자급제 성지폰,경기 화성시 남양읍 시청로 107 1층,010-2757-6492,휴대폰판매,https://map.kakao.com/?from=total&nil_suggest=btn&q=%ED%9C%B4%EB%8C%80%ED%8F%B0+%EA%B2%BD%EA%B8%B0&tab=place#none
앤텔레콤 고잔역점,"경기 안산시 단원구 광덕4로 96 제이엠 컨벤션웨딩홀 (구,디오)건물1층122호",010-3857-5612,휴대폰판매,https://map.kakao.com/?from=total&nil_suggest=btn&q=%ED%9C%B4%EB%8C%80%ED%8F%B0+%EA%B2%BD%EA%B8%B0&tab=place#none
평택휴대폰성지 도매폰센터,경기 평택시 용죽3로 24 1층 103호,010-8409-7773,휴대폰판매,https://map.kakao.com/?from=total&nil_suggest=btn&q=%ED%9C%B4%EB%8C%80%ED%8F%B0+%EA%B2%BD%EA%B8%B0&tab=place#none
부천 휴대폰성지 올인폰,경기 부천시 소사구 경인로 64 광성빌딩 102호,010-7356-7919,휴대폰판매,https://map.kakao.com/?from=total&nil_suggest=btn&q=%ED%9C%B4%EB%8C%80%ED%8F%B0+%EA%B2%BD%EA%B8%B0&tab=place#none
평택모바일,경기 평택시 평택2로 78 1층 102호,010-7675-2457,휴대폰판매,https://map.kakao.com/?from=total&nil_suggest=btn&q=%ED%9C%B4%EB%8C%80%ED%8F%B0+%EA%B2%BD%EA%B8%B0&tab=place#none
휴대폰성지 옆커폰 평택직영점,경기 평택시 평택2로 29-2 1층,010-3144-6717,휴대폰판매,https://map.kakao.com/?from=total&nil_suggest=btn&q=%ED%9C%B4%EB%8C%80%ED%8F%B0+%EA%B2%BD%EA%B8%B0&tab=place#none
중고폰뱅크 구리점,경기 구리시 건원대로34번길 19 세신훼미리타워 3층 315호,010-8080-8873,휴대폰판매,https://map.kakao.com/?from=total&nil_suggest=btn&q=%ED%9C%B4%EB%8C%80%ED%8F%B0+%EA%B2%BD%EA%B8%B0&tab=place#none
미소통신,경기 의정부시 평화로542번길 6-1 1층,010-5836-5522,휴대폰판매,https://map.kakao.com/?from=total&nil_suggest=btn&q=%ED%9C%B4%EB%8C%80%ED%8F%B0+%EA%B2%BD%EA%B8%B0&tab=place#none
다산성지,경기 남양주시 다산중앙로123번길 22-8 리더스퀘어 1층 110호,010-8249-3621,휴대폰판매,https://map.kakao.com/?from=total&nil_suggest=btn&q=%ED%9C%B4%EB%8C%80%ED%8F%B0+%EA%B2%BD%EA%B8%B0&tab=place#none
휴대폰성지 싸당 남양주다산점,경기 남양주시 다산중앙로172번길 36 노블레스 상가 1충 110호,010-8141-0102,휴대폰판매,https://map.kakao.com/?from=total&nil_suggest=btn&q=%ED%9C%B4%EB%8C%80%ED%8F%B0+%EA%B2%BD%EA%B8%B0&tab=place#none
휴대폰성지,경기 남양주시 별내중앙로 53 은가비 104호,010-4919-5958,휴대폰판매,https://map.kakao.com/?from=total&nil_suggest=btn&q=%ED%9C%B4%EB%8C%80%ED%8F%B0+%EA%B2%BD%EA%B8%B0&tab=place#none
휴대폰성지 일타폰 파주점,경기 파주시 경의로 1204 월드타워 1층 107호,010-5190-0393,휴대폰판매,https://map.kakao.com/?from=total&nil_suggest=btn&q=%ED%9C%B4%EB%8C%80%ED%8F%B0+%EA%B2%BD%EA%B8%B0&tab=place#none
휴대폰성지도매폰 매교점,경기 수원시 팔달구 정조로 667 101호,010-8033-7855,휴대폰판매,https://map.kakao.com/?from=total&nil_suggest=btn&q=%ED%9C%B4%EB%8C%80%ED%8F%B0+%EA%B2%BD%EA%B8%B0&tab=place#none
성남휴대폰성지 모두의폰 금광점,경기 성남시 중원구 광명로 339 1층 101호,010-8686-8612,휴대폰판매,https://map.kakao.com/?from=total&nil_suggest=btn&q=%ED%9C%B4%EB%8C%80%ED%8F%B0+%EA%B2%BD%EA%B8%B0&tab=place#none
휴대폰성지 청년폰 광명점,경기 광명시 광명로 877 한진타운 상가 A동 1층 1115호,010-4176-6604,휴대폰판매,https://map.kakao.com/?from=total&nil_suggest=btn&q=%ED%9C%B4%EB%8C%80%ED%8F%B0+%EA%B2%BD%EA%B8%B0&tab=place#none
앤텔레콤 대한별내점,경기 남양주시 별내3로 326 불암타워 6층 601호 241895,010-4208-7181,휴대폰판매,https://map.kakao.com/?from=total&nil_suggest=btn&q=%ED%9C%B4%EB%8C%80%ED%8F%B0+%EA%B2%BD%EA%B8%B0&tab=place#none
킹콩폰,경기 평택시 지제동삭2로 181-26 101호,010-7999-9764,휴대폰판매,https://map.kakao.com/?from=total&nil_suggest=btn&q=%ED%9C%B4%EB%8C%80%ED%8F%B0+%EA%B2%BD%EA%B8%B0&tab=place#none
휴대폰성지 옆커폰 양주덕계역점,경기 양주시 덕계로 138-32 115호,010-8389-9569,휴대폰판매,https://map.kakao.com/?from=total&nil_suggest=btn&q=%ED%9C%B4%EB%8C%80%ED%8F%B0+%EA%B2%BD%EA%B8%B0&tab=place#none
중고폰뱅크 포천점,경기 포천시 삼육사로 2229,010-8798-0714,휴대폰판매,https://map.kakao.com/?from=total&nil_suggest=btn&q=%ED%9C%B4%EB%8C%80%ED%8F%B0+%EA%B2%BD%EA%B8%B0&tab=place#none
휴대폰성지 옆커폰 주엽점,경기 고양시 일산서구 중앙로 1456 서현프라자 1층 113호,010-4475-5566,휴대폰판매,https://map.kakao.com/?from=total&nil_suggest=btn&q=%ED%9C%B4%EB%8C%80%ED%8F%B0+%EA%B2%BD%EA%B8%B0&tab=place#none
휴대폰성지 도매폰,경기 화성시 장조2로 12 1층,010-7740-2847,휴대폰판매,https://map.kakao.com/?from=total&nil_suggest=btn&q=%ED%9C%B4%EB%8C%80%ED%8F%B0+%EA%B2%BD%EA%B8%B0&tab=place#none
휴대폰성지폰 신사 수원우만점,경기 수원시 팔달구 권광로367번길 11 상가동 1층 101호,010-2614-9613,휴대폰판매,https://map.kakao.com/?from=total&nil_suggest=btn&q=%ED%9C%B4%EB%8C%80%ED%8F%B0+%EA%B2%BD%EA%B8%B0&tab=place#none
청년폰마트 본점,경기 광명시 양지로 19 유플래닛어반브릭스 B동 129호,010-9000-7841,휴대폰판매,https://map.kakao.com/?from=total&nil_suggest=btn&q=%ED%9C%B4%EB%8C%80%ED%8F%B0+%EA%B2%BD%EA%B8%B0&tab=place#none
폰지유 안성점,경기 안성시 중앙로 353 1층 폰지유안성점,010-4321-4445,휴대폰판매,https://map.kakao.com/?from=total&nil_suggest=btn&q=%ED%9C%B4%EB%8C%80%ED%8F%B0+%EA%B2%BD%EA%B8%B0&tab=place#none
휴대폰성지 옆커폰 광명소하점,경기 광명시 소하로 78 신성프라자 1층 102호,010-2963-5031,휴대폰판매,https://map.kakao.com/?from=total&nil_suggest=btn&q=%ED%9C%B4%EB%8C%80%ED%8F%B0+%EA%B2%BD%EA%B8%B0&tab=place#none
씽씽텔레콤,경기 의정부시 발곡로 26 1층,010-4461-5561,휴대폰판매,https://map.kakao.com/?from=total&nil_suggest=btn&q=%ED%9C%B4%EB%8C%80%ED%8F%B0+%EA%B2%BD%EA%B8%B0&tab=place#none
산본중고폰매입판매 에코폰 군포산본점,경기 군포시 번영로 515 3층,010-8364-4985,,https://map.kakao.com/?from=total&nil_suggest=btn&q=%ED%9C%B4%EB%8C%80%ED%8F%B0+%EA%B2%BD%EA%B8%B0&tab=place#none
아싸폰 옆커폰,경기 용인시 기흥구 죽전로 6 한솔프라자 1층 105호,010-8278-0680,휴대폰판매,https://map.kakao.com/?from=total&nil_suggest=btn&q=%ED%9C%B4%EB%8C%80%ED%8F%B0+%EA%B2%BD%EA%B8%B0&tab=place#none
중고폰&새폰,경기 남양주시 화도읍 마석로 87-22,010-3709-8200,휴대폰판매,https://map.kakao.com/?from=total&nil_suggest=btn&q=%ED%9C%B4%EB%8C%80%ED%8F%B0+%EA%B2%BD%EA%B8%B0&tab=place#none
휴대폰성지 동탄도매폰센타 평택점,경기 평택시 영신1길 39 102호,010-6769-7889,,https://map.kakao.com/?from=total&nil_suggest=btn&q=%ED%9C%B4%EB%8C%80%ED%8F%B0+%EA%B2%BD%EA%B8%B0&tab=place#none
부천선불폰 앤텔레콤 부천점,경기 부천시 원미구 부천로39번길 8 동아빌딩 6층,010-9596-7200,휴대폰판매,https://map.kakao.com/?from=total&nil_suggest=btn&q=%ED%9C%B4%EB%8C%80%ED%8F%B0+%EA%B2%BD%EA%B8%B0&tab=place#none
부천 휴대폰성지 바르다폰 중동점,경기 부천시 원미구 부일로 326 1층 27호,010-4549-6661,,https://map.kakao.com/?from=total&nil_suggest=btn&q=%ED%9C%B4%EB%8C%80%ED%8F%B0+%EA%B2%BD%EA%B8%B0&tab=place#none
휴대폰성지 옆커폰 부천소사점,경기 부천시 소사구 소사로159번길 6 1층,010-5671-4994,휴대폰판매,https://map.kakao.com/?from=total&nil_suggest=btn&q=%ED%9C%B4%EB%8C%80%ED%8F%B0+%EA%B2%BD%EA%B8%B0&tab=place#none
용인 기흥 중고폰 아이폰수리 에코폰 기흥점,경기 용인시 기흥구 동백중앙로 269 1층,010-7678-4605,,https://map.kakao.com/?from=total&nil_suggest=btn&q=%ED%9C%B4%EB%8C%80%ED%8F%B0+%EA%B2%BD%EA%B8%B0&tab=place#none
서기텔레콤,경기 의정부시 동일로 589,010-7654-4486,휴대폰판매,https://map.kakao.com/?from=total&nil_suggest=btn&q=%ED%9C%B4%EB%8C%80%ED%8F%B0+%EA%B2%BD%EA%B8%B0&tab=place#none
별내중고폰아이폰수리에코폰 별내점,경기 남양주시 식송1로 59-1 지하1층 102호,010-3194-7247,,https://map.kakao.com/?from=total&nil_suggest=btn&q=%ED%9C%B4%EB%8C%80%ED%8F%B0+%EA%B2%BD%EA%B8%B0&tab=place#none
휴대폰성지 정직폰 화성점,경기 화성시 동부대로 1062 동탄역동원로얄듀크비스타3차 609동 1층 109호,010-5692-1874,휴대폰판매,https://map.kakao.com/?from=total&nil_suggest=btn&q=%ED%9C%B4%EB%8C%80%ED%8F%B0+%EA%B2%BD%EA%B8%B0&tab=place#none
휴대폰성지 미소폰 보정점,경기 용인시 기흥구 죽전로 2 현타워 106~107호,010-9711-3334,휴대폰판매,https://map.kakao.com/?from=total&nil_suggest=btn&q=%ED%9C%B4%EB%8C%80%ED%8F%B0+%EA%B2%BD%EA%B8%B0&tab=place#none
이지텔 알뜰폰,경기 광명시 하안로288번길 10 신광빌딩 4층 402-1호,010-6753-9639,휴대폰판매,https://map.kakao.com/?from=total&nil_suggest=btn&q=%ED%9C%B4%EB%8C%80%ED%8F%B0+%EA%B2%BD%EA%B8%B0&tab=place#none
옆커폰 용인점,경기 용인시 기흥구 새천년로16번길 3-16 지하1층,010-8777-7332,휴대폰판매,https://map.kakao.com/?from=total&nil_suggest=btn&q=%ED%9C%B4%EB%8C%80%ED%8F%B0+%EA%B2%BD%EA%B8%B0&tab=place#none
오라방텔레콤,경기 평택시 함박산9길 3 고덕메디컬2차센터 1층,010-8275-0070,휴대폰판매,https://map.kakao.com/?from=total&nil_suggest=btn&q=%ED%9C%B4%EB%8C%80%ED%8F%B0+%EA%B2%BD%EA%B8%B0&tab=place#none
마송텔레콤,경기 김포시 통진읍 서암로 68 1층,010-4818-5247,휴대폰판매,https://map.kakao.com/?from=total&nil_suggest=btn&q=%ED%9C%B4%EB%8C%80%ED%8F%B0+%EA%B2%BD%EA%B8%B0&tab=place#none
국대폰 평택직영점,"경기 평택시 평남로 941 우성메디피아 1층 106, 107호",010-5372-7783,휴대폰판매,https://map.kakao.com/?from=total&nil_suggest=btn&q=%ED%9C%B4%EB%8C%80%ED%8F%B0+%EA%B2%BD%EA%B8%B0&tab=place#none
휴대폰성지,경기 의정부시 민락로 195 중흥S클래스 상가 1층 139호,010-2006-6992,휴대폰판매,https://map.kakao.com/?from=total&nil_suggest=btn&q=%ED%9C%B4%EB%8C%80%ED%8F%B0+%EA%B2%BD%EA%B8%B0&tab=place#none
휴대폰성지 밴드폰 구리시점,경기 구리시 경춘로227번길 6-26 1층 101호,010-7225-6010,휴대폰판매,https://map.kakao.com/?from=total&nil_suggest=btn&q=%ED%9C%B4%EB%8C%80%ED%8F%B0+%EA%B2%BD%EA%B8%B0&tab=place#none
의정부휴대폰성지,경기 의정부시 오목로225번길 147 폴리프라자2 1층 110호,010-4000-7502,휴대폰판매,https://map.kakao.com/?from=total&nil_suggest=btn&q=%ED%9C%B4%EB%8C%80%ED%8F%B0+%EA%B2%BD%EA%B8%B0&tab=place#none
휴대폰성지 원곡점,경기 안산시 단원구 화랑로 98 복원연립 상가동 103호,010-3300-1821,휴대폰판매,https://map.kakao.com/?from=total&nil_suggest=btn&q=%ED%9C%B4%EB%8C%80%ED%8F%B0+%EA%B2%BD%EA%B8%B0&tab=place#none
세교모바일,경기 평택시 세교3로 5 우성꿈그린아파트 상가동 1층 105호,010-2220-0249,휴대폰판매,https://map.kakao.com/?from=total&nil_suggest=btn&q=%ED%9C%B4%EB%8C%80%ED%8F%B0+%EA%B2%BD%EA%B8%B0&tab=place#none
아샤텔레콤,경기 안성시 대덕면 중앙대학로 89 1층 102호,010-2538-6611,휴대폰판매,https://map.kakao.com/?from=total&nil_suggest=btn&q=%ED%9C%B4%EB%8C%80%ED%8F%B0+%EA%B2%BD%EA%B8%B0&tab=place#none
킹콩폰 고덕예술의전당점,경기 평택시 함박산8길 35 102호,010-5888-4777,휴대폰판매,https://map.kakao.com/?from=total&nil_suggest=btn&q=%ED%9C%B4%EB%8C%80%ED%8F%B0+%EA%B2%BD%EA%B8%B0&tab=place#none
휴대폰성지 대박통신 위례직영점,경기 성남시 수정구 위례광장로 310 우성트램타워 B동 101호,010-9879-6444,휴대폰판매,https://map.kakao.com/?from=total&nil_suggest=btn&q=%ED%9C%B4%EB%8C%80%ED%8F%B0+%EA%B2%BD%EA%B8%B0&tab=place#none
헤리모바일,경기 평택시 평택로 64 1층,010-7680-4626,휴대폰판매,https://map.kakao.com/?from=total&nil_suggest=btn&q=%ED%9C%B4%EB%8C%80%ED%8F%B0+%EA%B2%BD%EA%B8%B0&tab=place#none
옆커폰 송내역점,경기 부천시 소사구 송내대로 33 한솔프라자 1층 104호 옆커폰,010-8888-6570,휴대폰판매,https://map.kakao.com/?from=total&nil_suggest=btn&q=%ED%9C%B4%EB%8C%80%ED%8F%B0+%EA%B2%BD%EA%B8%B0&tab=place#none
동탄휴대폰성지 미소폰 병점지점,경기 화성시 효행로 1068 리더스프라자 1층 111호,010-3267-3393,휴대폰판매,https://map.kakao.com/?from=total&nil_suggest=btn&q=%ED%9C%B4%EB%8C%80%ED%8F%B0+%EA%B2%BD%EA%B8%B0&tab=place#none
휴대폰성지 싸당 수원점,경기 수원시 팔달구 팔달로 31 서영아너시티온 208호,010-8104-8877,휴대폰판매,https://map.kakao.com/?from=total&nil_suggest=btn&q=%ED%9C%B4%EB%8C%80%ED%8F%B0+%EA%B2%BD%EA%B8%B0&tab=place#none
송탄꽁폰 본점,경기 평택시 송탄로 177,010-2079-5372,휴대폰판매,https://map.kakao.com/?from=total&nil_suggest=btn&q=%ED%9C%B4%EB%8C%80%ED%8F%B0+%EA%B2%BD%EA%B8%B0&tab=place#none
리더스 화서시장폰마트,경기 수원시 팔달구 동말로 79,010-6344-5570,휴대폰판매,https://map.kakao.com/?from=total&nil_suggest=btn&q=%ED%9C%B4%EB%8C%80%ED%8F%B0+%EA%B2%BD%EA%B8%B0&tab=place#none
휴대폰성지옆커폰 화성시동탄점,경기 화성시 동탄대로시범길 261 리더스프라자 1층 111호,010-7603-7762,휴대폰판매,https://map.kakao.com/?from=total&nil_suggest=btn&q=%ED%9C%B4%EB%8C%80%ED%8F%B0+%EA%B2%BD%EA%B8%B0&tab=place#none
성남휴대폰 성지 산성점,경기 성남시 수정구 수정로 277 성한빌딩 106호,010-5353-9153,휴대폰판매,https://map.kakao.com/?from=total&nil_suggest=btn&q=%ED%9C%B4%EB%8C%80%ED%8F%B0+%EA%B2%BD%EA%B8%B0&tab=place#none
휴대폰아울렛,경기 광주시 경안로41번길 6 금호리첸시아 상가 1층 A-128호,010-7100-9060,휴대폰판매,https://map.kakao.com/?from=total&nil_suggest=btn&q=%ED%9C%B4%EB%8C%80%ED%8F%B0+%EA%B2%BD%EA%B8%B0&tab=place#none
화성 중고폰 알뜰 폰 에코폰 화성향남점,경기 화성시 향남읍 발안로 116 1층,010-7513-3533,,https://map.kakao.com/?from=total&nil_suggest=btn&q=%ED%9C%B4%EB%8C%80%ED%8F%B0+%EA%B2%BD%EA%B8%B0&tab=place#none
스타모바일 12호점,경기 부천시 소사구 성주로 233 1층,010-9421-8324,휴대폰판매,https://map.kakao.com/?from=total&nil_suggest=btn&q=%ED%9C%B4%EB%8C%80%ED%8F%B0+%EA%B2%BD%EA%B8%B0&tab=place#none
휴대폰도매총판 안성점,경기 안성시 아양1로 84 1층 104호,010-6868-1970,휴대폰판매,https://map.kakao.com/?from=total&nil_suggest=btn&q=%ED%9C%B4%EB%8C%80%ED%8F%B0+%EA%B2%BD%EA%B8%B0&tab=place#none
프랜드모바일,경기 평택시 포승읍 여술4길 21-1 1층,010-2583-7787,휴대폰판매,https://map.kakao.com/?from=total&nil_suggest=btn&q=%ED%9C%B4%EB%8C%80%ED%8F%B0+%EA%B2%BD%EA%B8%B0&tab=place#none
평택꽁폰,경기 평택시 지제동삭1로 41 센트럴시티 상가 129동 09호,010-8078-5372,휴대폰판매,https://map.kakao.com/?from=total&nil_suggest=btn&q=%ED%9C%B4%EB%8C%80%ED%8F%B0+%EA%B2%BD%EA%B8%B0&tab=place#none
휴대폰성지,경기 성남시 분당구 성남대로 345 정자역프라자 1층 112호,010-8199-9759,휴대폰판매,https://map.kakao.com/?from=total&nil_suggest=btn&q=%ED%9C%B4%EB%8C%80%ED%8F%B0+%EA%B2%BD%EA%B8%B0&tab=place#none
코레모바일,경기 안산시 단원구 다문화2길 29-1 1층,010-5753-5847,휴대폰판매,https://map.kakao.com/?from=total&nil_suggest=btn&q=%ED%9C%B4%EB%8C%80%ED%8F%B0+%EA%B2%BD%EA%B8%B0&tab=place#none
프렌즈모바일,경기 수원시 권선구 여기산로 18,010-9319-8600,휴대폰판매,https://map.kakao.com/?from=total&nil_suggest=btn&q=%ED%9C%B4%EB%8C%80%ED%8F%B0+%EA%B2%BD%EA%B8%B0&tab=place#none
도매폰센터,경기 고양시 일산동구 탄중로425번길 3 104호,010-8131-4253,휴대폰판매,https://map.kakao.com/?from=total&nil_suggest=btn&q=%ED%9C%B4%EB%8C%80%ED%8F%B0+%EA%B2%BD%EA%B8%B0&tab=place#none
휴대폰 상점,경기 용인시 수지구 만현로 100 거묵푸라자 104~105호,010-2788-8584,휴대폰판매,https://map.kakao.com/?from=total&nil_suggest=btn&q=%ED%9C%B4%EB%8C%80%ED%8F%B0+%EA%B2%BD%EA%B8%B0&tab=place#none
휴대폰성지 도매폰센터 고덕점,경기 평택시 고덕로 246 103-1호 (고덕동) 1층 도매폰센터,010-4949-4483,휴대폰판매,https://map.kakao.com/?from=total&nil_suggest=btn&q=%ED%9C%B4%EB%8C%80%ED%8F%B0+%EA%B2%BD%EA%B8%B0&tab=place#none
동탄 폰할인마트,경기 화성시 메타폴리스로 47-7 1층,010-5023-7551,휴대폰판매,https://map.kakao.com/?from=total&nil_suggest=btn&q=%ED%9C%B4%EB%8C%80%ED%8F%B0+%EA%B2%BD%EA%B8%B0&tab=place#none
더베스트폰,경기 오산시 궐리사로 30 1층,010-2959-8569,휴대폰판매,https://map.kakao.com/?from=total&nil_suggest=btn&q=%ED%9C%B4%EB%8C%80%ED%8F%B0+%EA%B2%BD%EA%B8%B0&tab=place#none
휴대폰성지 밴드폰 안산점,경기 안산시 단원구 광덕4로 112 1층 114호,010-2166-1002,휴대폰판매,https://map.kakao.com/?from=total&nil_suggest=btn&q=%ED%9C%B4%EB%8C%80%ED%8F%B0+%EA%B2%BD%EA%B8%B0&tab=place#none
휴대폰성지 직폰 동탄점,경기 화성시 동탄순환대로 697 1층 105호,010-2754-6088,휴대폰판매,https://map.kakao.com/?from=total&nil_suggest=btn&q=%ED%9C%B4%EB%8C%80%ED%8F%B0+%EA%B2%BD%EA%B8%B0&tab=place#none
휴대폰성지,경기 하남시 미사강변동로 82 미사메트로타워 1층 101호,010-4040-6538,휴대폰판매,https://map.kakao.com/?from=total&nil_suggest=btn&q=%ED%9C%B4%EB%8C%80%ED%8F%B0+%EA%B2%BD%EA%B8%B0&tab=place#none
수원선불폰 앤텔레콤,경기 수원시 영통구 반달로7번길 30 르네상스프라자 5층 530호,010-2954-1685,휴대폰판매,https://map.kakao.com/?from=total&nil_suggest=btn&q=%ED%9C%B4%EB%8C%80%ED%8F%B0+%EA%B2%BD%EA%B8%B0&tab=place#none
김포성지폰,경기 김포시 김포한강4로 118 108호,010-9904-4982,휴대폰판매,https://map.kakao.com/?from=total&nil_suggest=btn&q=%ED%9C%B4%EB%8C%80%ED%8F%B0+%EA%B2%BD%EA%B8%B0&tab=place#none
성지폰 평택동삭점,경기 평택시 동삭1로22번길 19-17 메인프라자 1층 108호,010-8550-7783,휴대폰판매,https://map.kakao.com/?from=total&nil_suggest=btn&q=%ED%9C%B4%EB%8C%80%ED%8F%B0+%EA%B2%BD%EA%B8%B0&tab=place#none
폰스타 평촌점,"경기 안양시 동안구 평촌대로 140 아트상가빌딩 1층 101,108호",010-2221-4022,휴대폰판매,https://map.kakao.com/?from=total&nil_suggest=btn&q=%ED%9C%B4%EB%8C%80%ED%8F%B0+%EA%B2%BD%EA%B8%B0&tab=place#none
도매폰,경기 남양주시 미금로19번길 9 다산해모로 상가동 1층 06호,010-4198-8123,휴대폰판매,https://map.kakao.com/?from=total&nil_suggest=btn&q=%ED%9C%B4%EB%8C%80%ED%8F%B0+%EA%B2%BD%EA%B8%B0&tab=place#none
일산휴대폰성지 도매폰센타,경기 고양시 덕양구 삼송로 12 반도유스퀘어 1층 114호 도매폰센타,010-8484-9499,휴대폰판매,https://map.kakao.com/?from=total&nil_suggest=btn&q=%ED%9C%B4%EB%8C%80%ED%8F%B0+%EA%B2%BD%EA%B8%B0&tab=place#none
휴대폰성지 수원성지폰,경기 수원시 팔달구 중부대로 123 1층 101호,010-7773-8606,휴대폰판매,https://map.kakao.com/?from=total&nil_suggest=btn&q=%ED%9C%B4%EB%8C%80%ED%8F%B0+%EA%B2%BD%EA%B8%B0&tab=place#none
휴대폰성지 중앙점,경기 안산시 단원구 예술대학로 11 1층 101호,010-7380-1821,휴대폰판매,https://map.kakao.com/?from=total&nil_suggest=btn&q=%ED%9C%B4%EB%8C%80%ED%8F%B0+%EA%B2%BD%EA%B8%B0&tab=place#none
헤이폰 평택점,경기 평택시 평택1로20번길 1 1층,010-7789-5980,휴대폰판매,https://map.kakao.com/?from=total&nil_suggest=btn&q=%ED%9C%B4%EB%8C%80%ED%8F%B0+%EA%B2%BD%EA%B8%B0&tab=place#none
휴대폰제일싼집,경기 안산시 상록구 원당골1길 9 1층,010-7774-2940,휴대폰판매,https://map.kakao.com/?from=total&nil_suggest=btn&q=%ED%9C%B4%EB%8C%80%ED%8F%B0+%EA%B2%BD%EA%B8%B0&tab=place#none
참통신,경기 고양시 일산서구 중앙로 1425 주엽역삼부르네상스 가동 1층 117호,010-5273-5243,휴대폰판매,https://map.kakao.com/?from=total&nil_suggest=btn&q=%ED%9C%B4%EB%8C%80%ED%8F%B0+%EA%B2%BD%EA%B8%B0&tab=place#none
휴대폰성지 일타폰 판교점,경기 성남시 분당구 판교역로 136 힐스테이트판교역 지하1층 B1113호,010-6671-0100,휴대폰판매,https://map.kakao.com/?from=total&nil_suggest=btn&q=%ED%9C%B4%EB%8C%80%ED%8F%B0+%EA%B2%BD%EA%B8%B0&tab=place#none
우디모바일,경기 파주시 해올2길 16 공감빌딩 1층 102호,010-2333-4566,휴대폰판매,https://map.kakao.com/?from=total&nil_suggest=btn&q=%ED%9C%B4%EB%8C%80%ED%8F%B0+%EA%B2%BD%EA%B8%B0&tab=place#none
휴대폰파크 수원성지점,경기 수원시 장안구 서부로 2139 SK HUB 2층,010-6478-8463,휴대폰판매,https://map.kakao.com/?from=total&nil_suggest=btn&q=%ED%9C%B4%EB%8C%80%ED%8F%B0+%EA%B2%BD%EA%B8%B0&tab=place#none
국대폰 고덕직영점,경기 평택시 함박산9길 11 1층 국대폰,010-5717-4483,휴대폰판매,https://map.kakao.com/?from=total&nil_suggest=btn&q=%ED%9C%B4%EB%8C%80%ED%8F%B0+%EA%B2%BD%EA%B8%B0&tab=place#none
휴대폰성지,경기 시흥시 서울대학로278번길 43-7 배곧유호N-CITY1차 113호,010-5275-4448,휴대폰판매,https://map.kakao.com/?from=total&nil_suggest=btn&q=%ED%9C%B4%EB%8C%80%ED%8F%B0+%EA%B2%BD%EA%B8%B0&tab=place#none
유니콘모바일 합정점,경기 평택시 어인남로 2 1층,010-8008-8710,휴대폰판매,https://map.kakao.com/?from=total&nil_suggest=btn&q=%ED%9C%B4%EB%8C%80%ED%8F%B0+%EA%B2%BD%EA%B8%B0&tab=place#none
휴대폰성지 도매폰 서천점,경기 용인시 기흥구 서천로127번길 4 1층 112호,010-5799-9400,휴대폰판매,https://map.kakao.com/?from=total&nil_suggest=btn&q=%ED%9C%B4%EB%8C%80%ED%8F%B0+%EA%B2%BD%EA%B8%B0&tab=place#none
알뜰폰선불폰앤텔레콤,경기 고양시 일산서구 중앙로 1493 애비뉴상가 2층 2072호,010-6777-9901,휴대폰판매,https://map.kakao.com/?from=total&nil_suggest=btn&q=%ED%9C%B4%EB%8C%80%ED%8F%B0+%EA%B2%BD%EA%B8%B0&tab=place#none
김포휴대폰성지,경기 김포시 태장로 800 현대메디컬프라자 1층 104호,010-3594-9504,휴대폰판매,https://map.kakao.com/?from=total&nil_suggest=btn&q=%ED%9C%B4%EB%8C%80%ED%8F%B0+%EA%B2%BD%EA%B8%B0&tab=place#none
휴대폰성지 알뜰폰스토어 가능점,경기 의정부시 가능로 105 성원빌딩 1층,010-3367-3069,휴대폰판매,https://map.kakao.com/?from=total&nil_suggest=btn&q=%ED%9C%B4%EB%8C%80%ED%8F%B0+%EA%B2%BD%EA%B8%B0&tab=place#none
오라방텔레콤 해링턴점,경기 평택시 소사5길 5,010-9511-9944,휴대폰판매,https://map.kakao.com/?from=total&nil_suggest=btn&q=%ED%9C%B4%EB%8C%80%ED%8F%B0+%EA%B2%BD%EA%B8%B0&tab=place#none
에코폰중고폰 시흥배곧점,경기 시흥시 서울대학로278번길 61 베니스스퀘어 1층 C38호,010-8181-3801,휴대폰판매,https://map.kakao.com/?from=total&nil_suggest=btn&q=%ED%9C%B4%EB%8C%80%ED%8F%B0+%EA%B2%BD%EA%B8%B0&tab=place#none
싸다성지폰,경기 수원시 권선구 삼천병마로1598번길 32,010-7424-6974,휴대폰판매,https://map.kakao.com/?from=total&nil_suggest=btn&q=%ED%9C%B4%EB%8C%80%ED%8F%B0+%EA%B2%BD%EA%B8%B0&tab=place#none
휴대폰성지 평내호평점,경기 남양주시 경춘로1256번길 10 1층,010-8553-9995,휴대폰판매,https://map.kakao.com/?from=total&nil_suggest=btn&q=%ED%9C%B4%EB%8C%80%ED%8F%B0+%EA%B2%BD%EA%B8%B0&tab=place#none
옆커폰 이천점,경기 이천시 서희로 95 1층,010-7574-4443,휴대폰판매,https://map.kakao.com/?from=total&nil_suggest=btn&q=%ED%9C%B4%EB%8C%80%ED%8F%B0+%EA%B2%BD%EA%B8%B0&tab=place#none
헤이폰 송탄점,경기 평택시 관광특구로 41 5층 502호,010-5880-5980,휴대폰판매,https://map.kakao.com/?from=total&nil_suggest=btn&q=%ED%9C%B4%EB%8C%80%ED%8F%B0+%EA%B2%BD%EA%B8%B0&tab=place#none
동탄 휴대폰성지 지조모바일,경기 화성시 동탄대로5길 15 그랑파사쥬 12블럭 1층 1014호,010-8039-0504,휴대폰판매,https://map.kakao.com/?from=total&nil_suggest=btn&q=%ED%9C%B4%EB%8C%80%ED%8F%B0+%EA%B2%BD%EA%B8%B0&tab=place#none
휴대폰멀티샵 서부역점,경기 평택시 원평로 52,010-4108-5010,휴대폰판매,https://map.kakao.com/?from=total&nil_suggest=btn&q=%ED%9C%B4%EB%8C%80%ED%8F%B0+%EA%B2%BD%EA%B8%B0&tab=place#none
휴대폰 파크 부천성지점,경기 부천시 원미구 부천로3번길 48 2층 219호,010-7548-7649,휴대폰판매,https://map.kakao.com/?from=total&nil_suggest=btn&q=%ED%9C%B4%EB%8C%80%ED%8F%B0+%EA%B2%BD%EA%B8%B0&tab=place#none
도매폰센터 동삭점,경기 평택시 동삭1로22번길 19-13 1층 101호,010-3084-7775,휴대폰판매,https://map.kakao.com/?from=total&nil_suggest=btn&q=%ED%9C%B4%EB%8C%80%ED%8F%B0+%EA%B2%BD%EA%B8%B0&tab=place#none
휴대폰성지,경기 안양시 만안구 안양로405번길 31 1층,010-3969-1591,휴대폰판매,https://map.kakao.com/?from=total&nil_suggest=btn&q=%ED%9C%B4%EB%8C%80%ED%8F%B0+%EA%B2%BD%EA%B8%B0&tab=place#none
휴대폰종합할인매장,경기 평택시 평택로32번길 11 1층,010-5857-8500,휴대폰판매,https://map.kakao.com/?from=total&nil_suggest=btn&q=%ED%9C%B4%EB%8C%80%ED%8F%B0+%EA%B2%BD%EA%B8%B0&tab=place#none
휴대폰할인매장,경기 수원시 팔달구 인계로 72 우진빌딩 1층 103호,010-8900-6934,휴대폰판매,https://map.kakao.com/?from=total&nil_suggest=btn&q=%ED%9C%B4%EB%8C%80%ED%8F%B0+%EA%B2%BD%EA%B8%B0&tab=place#none
웅스통신 다산본점,경기 남양주시 다산중앙로 17 우성프라자 1층 103호,010-5555-8692,휴대폰판매,https://map.kakao.com/?from=total&nil_suggest=btn&q=%ED%9C%B4%EB%8C%80%ED%8F%B0+%EA%B2%BD%EA%B8%B0&tab=place#none
휴대폰도매센터 행신점,경기 고양시 덕양구 중앙로 559 그랑프리빌딩 1층 106호,010-6562-4466,휴대폰판매,https://map.kakao.com/?from=total&nil_suggest=btn&q=%ED%9C%B4%EB%8C%80%ED%8F%B0+%EA%B2%BD%EA%B8%B0&tab=place#none
사거리핸드폰,경기 안산시 단원구 화정로1길 6 1층 102호,010-2422-2444,휴대폰판매,https://map.kakao.com/?from=total&nil_suggest=btn&q=%ED%9C%B4%EB%8C%80%ED%8F%B0+%EA%B2%BD%EA%B8%B0&tab=place#none
우리동네도매폰,경기 고양시 일산동구 하늘마을1로 8 성원타워 1층 112호,010-9007-1844,휴대폰판매,https://map.kakao.com/?from=total&nil_suggest=btn&q=%ED%9C%B4%EB%8C%80%ED%8F%B0+%EA%B2%BD%EA%B8%B0&tab=place#none
안녕휴대폰,경기 수원시 팔달구 중부대로 21 1층,010-9148-7057,휴대폰판매,https://map.kakao.com/?from=total&nil_suggest=btn&q=%ED%9C%B4%EB%8C%80%ED%8F%B0+%EA%B2%BD%EA%B8%B0&tab=place#none
휴대폰택하다,경기 안성시 공도읍 서동대로 3888 1층,010-4420-7979,휴대폰판매,https://map.kakao.com/?from=total&nil_suggest=btn&q=%ED%9C%B4%EB%8C%80%ED%8F%B0+%EA%B2%BD%EA%B8%B0&tab=place#none
대박통신 감일점,"경기 하남시 감일백제로83번길 24 지골든프라자 1층 104,105호",010-4910-7011,휴대폰판매,https://map.kakao.com/?from=total&nil_suggest=btn&q=%ED%9C%B4%EB%8C%80%ED%8F%B0+%EA%B2%BD%EA%B8%B0&tab=place#none
폰마트,경기 안산시 상록구 도매시장로 44 1층,010-6889-7013,휴대폰판매,https://map.kakao.com/?from=total&nil_suggest=btn&q=%ED%9C%B4%EB%8C%80%ED%8F%B0+%EA%B2%BD%EA%B8%B0&tab=place#none
국대폰 이충직영점,경기 평택시 이충로35번길 22 뜨란프라자 1층,010-7595-4483,휴대폰판매,https://map.kakao.com/?from=total&nil_suggest=btn&q=%ED%9C%B4%EB%8C%80%ED%8F%B0+%EA%B2%BD%EA%B8%B0&tab=place#none
