매장명,주소,전화번호,카테고리,카카오맵링크
휴대폰성지,서울 중구 장충단로 247 굿모닝시티쇼핑몰 9층 902-24호,010-8800-8118,휴대폰판매,https://map.kakao.com/?from=total&nil_suggest=btn&q=%ED%9C%B4%EB%8C%80%ED%8F%B0%EC%84%B1%EC%A7%80&tab=place#none
휴대폰성지 성신여대점,서울 성북구 동소문로 113-1 1층,010-6565-7750,휴대폰판매,https://map.kakao.com/?from=total&nil_suggest=btn&q=%ED%9C%B4%EB%8C%80%ED%8F%B0%EC%84%B1%EC%A7%80&tab=place#none
서울휴대폰 성지옆커폰 168호왕십리점,서울 중구 난계로 151 아르브오피스텔 1층 104호,010-8050-9020,,https://map.kakao.com/?from=total&nil_suggest=btn&q=%ED%9C%B4%EB%8C%80%ED%8F%B0%EC%84%B1%EC%A7%80&tab=place#none
휴대폰성지 태양폰 길음점,서울 성북구 길음로 11 길음역롯데캐슬트윈골드아파트 137호,010-6708-9987,휴대폰판매,https://map.kakao.com/?from=total&nil_suggest=btn&q=%ED%9C%B4%EB%8C%80%ED%8F%B0%EC%84%B1%EC%A7%80&tab=place#none
휴대폰성지 월곡점,서울 성북구 오패산로 46 월곡두산위브아파트 상가동 110호,010-9123-6660,휴대폰판매,https://map.kakao.com/?from=total&nil_suggest=btn&q=%ED%9C%B4%EB%8C%80%ED%8F%B0%EC%84%B1%EC%A7%80&tab=place#none
휴대폰성지 청년폰 동대문점,서울 동대문구 왕산로 190 청량리역 렉스프라임 제지1층 비114호,010-3443-3332,휴대폰판매,https://map.kakao.com/?from=total&nil_suggest=btn&q=%ED%9C%B4%EB%8C%80%ED%8F%B0%EC%84%B1%EC%A7%80&tab=place#none
휴대폰성지 휴대뽐 미아점,서울 강북구 도봉로 143 일수빌딩 1층 108호,010-7610-8594,휴대폰판매,https://map.kakao.com/?from=total&nil_suggest=btn&q=%ED%9C%B4%EB%8C%80%ED%8F%B0%EC%84%B1%EC%A7%80&tab=place#none
휴대폰성지BB,서울 용산구 청파로45길 8-1 1층,010-2000-9300,휴대폰판매,https://map.kakao.com/?from=total&nil_suggest=btn&q=%ED%9C%B4%EB%8C%80%ED%8F%B0%EC%84%B1%EC%A7%80&tab=place#none
휴대폰성지,서울 마포구 백범로31길 7 101동 B112호,010-7650-5951,휴대폰판매,https://map.kakao.com/?from=total&nil_suggest=btn&q=%ED%9C%B4%EB%8C%80%ED%8F%B0%EC%84%B1%EC%A7%80&tab=place#none
휴대폰성지,서울 은평구 갈현로 25 1층,010-7367-8682,휴대폰판매,https://map.kakao.com/?from=total&nil_suggest=btn&q=%ED%9C%B4%EB%8C%80%ED%8F%B0%EC%84%B1%EC%A7%80&tab=place#none
휴대폰성지 옆커폰 수유점,서울 강북구 덕릉로 82 제네스타워 1층 105호,010-8284-5523,휴대폰판매,https://map.kakao.com/?from=total&nil_suggest=btn&q=%ED%9C%B4%EB%8C%80%ED%8F%B0%EC%84%B1%EC%A7%80&tab=place#none
휴대폰성지 옆커폰 응암백련산점,서울 은평구 응암로 243,010-6507-8816,휴대폰판매,https://map.kakao.com/?from=total&nil_suggest=btn&q=%ED%9C%B4%EB%8C%80%ED%8F%B0%EC%84%B1%EC%A7%80&tab=place#none
휴대폰성지,서울 노원구 동일로 1393 일신프라자 1층 109호,010-5599-5579,휴대폰판매,https://map.kakao.com/?from=total&nil_suggest=btn&q=%ED%9C%B4%EB%8C%80%ED%8F%B0%EC%84%B1%EC%A7%80&tab=place#none
휴대폰성지 청년폰 신촌점,서울 서대문구 신촌로 109 신촌르메이에르타운5 지하1층 109-2호,010-8477-7661,휴대폰판매,https://map.kakao.com/?from=total&nil_suggest=btn&q=%ED%9C%B4%EB%8C%80%ED%8F%B0%EC%84%B1%EC%A7%80&tab=place#none
휴대폰성지,서울 마포구 양화로 26 KCC엠파이어리버 1층 101호,010-2282-9892,휴대폰판매,https://map.kakao.com/?from=total&nil_suggest=btn&q=%ED%9C%B4%EB%8C%80%ED%8F%B0%EC%84%B1%EC%A7%80&tab=place#none
휴대폰성지 청년폰 용산점,서울 용산구 한강대로 115 지하1층 108호,010-4010-6604,휴대폰판매,https://map.kakao.com/?from=total&nil_suggest=btn&q=%ED%9C%B4%EB%8C%80%ED%8F%B0%EC%84%B1%EC%A7%80&tab=place#none
휴대폰성지 옆커폰 광흥창역점,서울 마포구 서강로 51 와우빌딩 1층,010-8022-3588,휴대폰판매,https://map.kakao.com/?from=total&nil_suggest=btn&q=%ED%9C%B4%EB%8C%80%ED%8F%B0%EC%84%B1%EC%A7%80&tab=place#none
은평구휴대폰성지,서울 은평구 녹번로 37 1층,010-4377-1544,휴대폰판매,https://map.kakao.com/?from=total&nil_suggest=btn&q=%ED%9C%B4%EB%8C%80%ED%8F%B0%EC%84%B1%EC%A7%80&tab=place#none
휴대폰성지 옆커폰 남가좌점,서울 서대문구 거북골로 120 DMC센트레빌 상가1동 지하2층 1-3 A호,010-7697-1749,휴대폰판매,https://map.kakao.com/?from=total&nil_suggest=btn&q=%ED%9C%B4%EB%8C%80%ED%8F%B0%EC%84%B1%EC%A7%80&tab=place#none
휴대폰성지,서울 동작구 노량진로 254 1층,010-8336-5896,휴대폰판매,https://map.kakao.com/?from=total&nil_suggest=btn&q=%ED%9C%B4%EB%8C%80%ED%8F%B0%EC%84%B1%EC%A7%80&tab=place#none
서울휴대폰성지 옆커폰 신내점,서울 중랑구 신내로 65-2 1층,010-7635-9151,휴대폰판매,https://map.kakao.com/?from=total&nil_suggest=btn&q=%ED%9C%B4%EB%8C%80%ED%8F%B0%EC%84%B1%EC%A7%80&tab=place#none
휴대폰성지 직폰 강남점,서울 강남구 선릉로 623 1층 104호,010-5473-7264,휴대폰판매,https://map.kakao.com/?from=total&nil_suggest=btn&q=%ED%9C%B4%EB%8C%80%ED%8F%B0%EC%84%B1%EC%A7%80&tab=place#none
휴대폰성지 옆커폰 응암역점,서울 은평구 은평로 82 해태드림타운 1층 126~127호,010-8095-5991,휴대폰판매,https://map.kakao.com/?from=total&nil_suggest=btn&q=%ED%9C%B4%EB%8C%80%ED%8F%B0%EC%84%B1%EC%A7%80&tab=place#none
휴대폰성지 도매폰,서울 중랑구 용마산로 537 1층,010-5711-5874,휴대폰판매,https://map.kakao.com/?from=total&nil_suggest=btn&q=%ED%9C%B4%EB%8C%80%ED%8F%B0%EC%84%B1%EC%A7%80&tab=place#none
휴대폰성지 폰통령 광진,서울 광진구 뚝섬로 644 1동 1층 102호,010-5564-4125,휴대폰판매,https://map.kakao.com/?from=total&nil_suggest=btn&q=%ED%9C%B4%EB%8C%80%ED%8F%B0%EC%84%B1%EC%A7%80&tab=place#none
휴대폰성지 밴드폰 은평점,서울 은평구 수색로 217 DMC자이1단지아파트 1층 116호,010-8885-1050,휴대폰판매,https://map.kakao.com/?from=total&nil_suggest=btn&q=%ED%9C%B4%EB%8C%80%ED%8F%B0%EC%84%B1%EC%A7%80&tab=place#none
휴대폰파크 노원성지점,서울 노원구 노해로 507 1층 1051호,010-5763-6256,휴대폰판매,https://map.kakao.com/?from=total&nil_suggest=btn&q=%ED%9C%B4%EB%8C%80%ED%8F%B0%EC%84%B1%EC%A7%80&tab=place#none
휴대폰성지 노원,서울 노원구 노해로 507 와우쇼핑몰 1층 1045호,010-8800-8118,휴대폰판매,https://map.kakao.com/?from=total&nil_suggest=btn&q=%ED%9C%B4%EB%8C%80%ED%8F%B0%EC%84%B1%EC%A7%80&tab=place#none
노원구휴대폰성지,서울 노원구 중계로 225 청구아파트상가 1층 113호,010-3100-3788,휴대폰판매,https://map.kakao.com/?from=total&nil_suggest=btn&q=%ED%9C%B4%EB%8C%80%ED%8F%B0%EC%84%B1%EC%A7%80&tab=place#none
강남핸드폰성지,서울 강남구 테헤란로 101 강남역쇼핑센타 D-24호동,010-4868-5841,휴대폰판매,https://map.kakao.com/?from=total&nil_suggest=btn&q=%ED%9C%B4%EB%8C%80%ED%8F%B0%EC%84%B1%EC%A7%80&tab=place#none
휴대폰성지,서울 송파구 백제고분로40길 16 1층 3호,010-8788-4980,휴대폰판매,https://map.kakao.com/?from=total&nil_suggest=btn&q=%ED%9C%B4%EB%8C%80%ED%8F%B0%EC%84%B1%EC%A7%80&tab=place#none
휴대폰성지,경기 남양주시 별내중앙로 53 은가비 104호,010-4919-5958,휴대폰판매,https://map.kakao.com/?from=total&nil_suggest=btn&q=%ED%9C%B4%EB%8C%80%ED%8F%B0%EC%84%B1%EC%A7%80&tab=place#none
휴대폰성지 상계역점,서울 노원구 한글비석로 384 대호프라자 1동 1층 128호,010-5848-8080,휴대폰판매,https://map.kakao.com/?from=total&nil_suggest=btn&q=%ED%9C%B4%EB%8C%80%ED%8F%B0%EC%84%B1%EC%A7%80&tab=place#none
강남핸드폰성지,서울 강남구 테헤란로4길 6 강남역센트럴푸르지오시티오피스텔 1층 B111호,010-5753-5882,휴대폰판매,https://map.kakao.com/?from=total&nil_suggest=btn&q=%ED%9C%B4%EB%8C%80%ED%8F%B0%EC%84%B1%EC%A7%80&tab=place#none
휴대폰성지,서울 송파구 백제고분로33길 9 1층,010-5549-6139,휴대폰판매,https://map.kakao.com/?from=total&nil_suggest=btn&q=%ED%9C%B4%EB%8C%80%ED%8F%B0%EC%84%B1%EC%A7%80&tab=place#none
휴대폰성지 옆커폰 노원중계점,서울 노원구 한글비석로 362 중석빌딩 1층,010-8117-5670,휴대폰판매,https://map.kakao.com/?from=total&nil_suggest=btn&q=%ED%9C%B4%EB%8C%80%ED%8F%B0%EC%84%B1%EC%A7%80&tab=place#none
휴대폰성지 파인애플상가점,서울 송파구 올림픽로 119 잠실엘스 파인애플상가 1층 71호,010-5961-1704,휴대폰판매,https://map.kakao.com/?from=total&nil_suggest=btn&q=%ED%9C%B4%EB%8C%80%ED%8F%B0%EC%84%B1%EC%A7%80&tab=place#none
휴대폰성지,경기 하남시 미사강변동로 82 미사메트로타워 1층 101호,010-4040-6538,휴대폰판매,https://map.kakao.com/?from=total&nil_suggest=btn&q=%ED%9C%B4%EB%8C%80%ED%8F%B0%EC%84%B1%EC%A7%80&tab=place#none
휴대폰성지,경기 의정부시 민락로 195 중흥S클래스 상가 1층 139호,010-2006-6992,휴대폰판매,https://map.kakao.com/?from=total&nil_suggest=btn&q=%ED%9C%B4%EB%8C%80%ED%8F%B0%EC%84%B1%EC%A7%80&tab=place#none
휴대폰성지 옆커폰 내발산점,서울 강서구 수명로 74 발산시티타워 1층 104호,010-9948-8401,휴대폰판매,https://map.kakao.com/?from=total&nil_suggest=btn&q=%ED%9C%B4%EB%8C%80%ED%8F%B0%EC%84%B1%EC%A7%80&tab=place#none
휴대폰성지 옆커폰 당산점,서울 영등포구 당산로 205 당산역 해링턴타워 1층 101호,010-9854-1611,휴대폰판매,https://map.kakao.com/?from=total&nil_suggest=btn&q=%ED%9C%B4%EB%8C%80%ED%8F%B0%EC%84%B1%EC%A7%80&tab=place#none
휴대폰성지 옆커폰 별내점,경기 남양주시 별내중앙로 49 탑프라자 1층 104호,010-5544-4386,휴대폰판매,https://map.kakao.com/?from=total&nil_suggest=btn&q=%ED%9C%B4%EB%8C%80%ED%8F%B0%EC%84%B1%EC%A7%80&tab=place#none
휴대폰성지 옆커폰 천호점,서울 강동구 상암로 78 1층,010-2987-9523,휴대폰판매,https://map.kakao.com/?from=total&nil_suggest=btn&q=%ED%9C%B4%EB%8C%80%ED%8F%B0%EC%84%B1%EC%A7%80&tab=place#none
휴대폰성지,서울 강서구 화곡로26가길 18 청산타워2 1층 102호,010-2321-4889,휴대폰판매,https://map.kakao.com/?from=total&nil_suggest=btn&q=%ED%9C%B4%EB%8C%80%ED%8F%B0%EC%84%B1%EC%A7%80&tab=place#none
휴대폰성지,경기 안양시 만안구 안양로405번길 31 1층,010-3969-1591,휴대폰판매,https://map.kakao.com/?from=total&nil_suggest=btn&q=%ED%9C%B4%EB%8C%80%ED%8F%B0%EC%84%B1%EC%A7%80&tab=place#none
휴대폰성지 잠실점,서울 송파구 올림픽로 130 1층,010-2517-9994,휴대폰판매,https://map.kakao.com/?from=total&nil_suggest=btn&q=%ED%9C%B4%EB%8C%80%ED%8F%B0%EC%84%B1%EC%A7%80&tab=place#none
휴대폰성지 옆커폰 가산점,서울 금천구 벚꽃로36길 30 가산KS타워 1층 102호,010-9918-4550,휴대폰판매,https://map.kakao.com/?from=total&nil_suggest=btn&q=%ED%9C%B4%EB%8C%80%ED%8F%B0%EC%84%B1%EC%A7%80&tab=place#none
휴대폰성지,경기 성남시 분당구 판교역로241번길 22 1층 115호,010-5029-9892,휴대폰판매,https://map.kakao.com/?from=total&nil_suggest=btn&q=%ED%9C%B4%EB%8C%80%ED%8F%B0%EC%84%B1%EC%A7%80&tab=place#none
휴대폰 파크 천호성지점,서울 강동구 천호대로 1006 101호,010-2065-8470,휴대폰판매,https://map.kakao.com/?from=total&nil_suggest=btn&q=%ED%9C%B4%EB%8C%80%ED%8F%B0%EC%84%B1%EC%A7%80&tab=place#none
휴대폰성지 직폰 관악점,서울 관악구 관악로 212 관악프라자 117호,010-9246-1154,휴대폰판매,https://map.kakao.com/?from=total&nil_suggest=btn&q=%ED%9C%B4%EB%8C%80%ED%8F%B0%EC%84%B1%EC%A7%80&tab=place#none
휴대폰성지 옆커폰 하남점,경기 하남시 미사강변동로 79 미사역타워 1층 104호,010-2187-1095,휴대폰판매,https://map.kakao.com/?from=total&nil_suggest=btn&q=%ED%9C%B4%EB%8C%80%ED%8F%B0%EC%84%B1%EC%A7%80&tab=place#none
휴대폰파크 서초성지점,서울 서초구 효령로 304 국제전자센터 3층,010-4786-5071,휴대폰판매,https://map.kakao.com/?from=total&nil_suggest=btn&q=%ED%9C%B4%EB%8C%80%ED%8F%B0%EC%84%B1%EC%A7%80&tab=place#none
신도림휴대폰성지,"서울 구로구 새말로 97 신도림테크노 9층 183호, 20번(희망) 강철 옆매장",010-5764-0320,휴대폰판매,https://map.kakao.com/?from=total&nil_suggest=btn&q=%ED%9C%B4%EB%8C%80%ED%8F%B0%EC%84%B1%EC%A7%80&tab=place#none
휴대폰성지 옆커폰 의정부민락점,경기 의정부시 용민로 192 웅신프라자 1층 118호,010-5805-8493,휴대폰판매,https://map.kakao.com/?from=total&nil_suggest=btn&q=%ED%9C%B4%EB%8C%80%ED%8F%B0%EC%84%B1%EC%A7%80&tab=place#none
휴대폰성지 양천본점,서울 양천구 중앙로 237 맘모스빌딩 1층 103호,010-5613-8696,휴대폰판매,https://map.kakao.com/?from=total&nil_suggest=btn&q=%ED%9C%B4%EB%8C%80%ED%8F%B0%EC%84%B1%EC%A7%80&tab=place#none
휴대폰성지 도매폰 목동점,서울 양천구 목동중앙로 97 청우빌딩 1층 102호,010-3946-9400,휴대폰판매,https://map.kakao.com/?from=total&nil_suggest=btn&q=%ED%9C%B4%EB%8C%80%ED%8F%B0%EC%84%B1%EC%A7%80&tab=place#none
휴대폰성지 금천점,서울 금천구 시흥대로73길 67 엠메디컬타워 1층 101호,010-9227-4244,휴대폰판매,https://map.kakao.com/?from=total&nil_suggest=btn&q=%ED%9C%B4%EB%8C%80%ED%8F%B0%EC%84%B1%EC%A7%80&tab=place#none
휴대폰성지,경기 성남시 분당구 성남대로 345 정자역프라자 1층 112호,010-8199-9759,휴대폰판매,https://map.kakao.com/?from=total&nil_suggest=btn&q=%ED%9C%B4%EB%8C%80%ED%8F%B0%EC%84%B1%EC%A7%80&tab=place#none
휴대폰성지 싸당 남양주다산점,경기 남양주시 다산중앙로172번길 36 노블레스 상가 1충 110호,010-8141-0102,휴대폰판매,https://map.kakao.com/?from=total&nil_suggest=btn&q=%ED%9C%B4%EB%8C%80%ED%8F%B0%EC%84%B1%EC%A7%80&tab=place#none
휴대폰성지 신림점,서울 관악구 신원로 22 1층,010-4838-3332,휴대폰판매,https://map.kakao.com/?from=total&nil_suggest=btn&q=%ED%9C%B4%EB%8C%80%ED%8F%B0%EC%84%B1%EC%A7%80&tab=place#none
휴대폰성지 정직폰,서울 구로구 새말로 97 신도림테크노마트 9층 296호,010-4526-9987,휴대폰판매,https://map.kakao.com/?from=total&nil_suggest=btn&q=%ED%9C%B4%EB%8C%80%ED%8F%B0%EC%84%B1%EC%A7%80&tab=place#none
휴대폰성지 청년폰 강서점,서울 강서구 강서로 391 문영비즈웍스 1층 102호,010-7933-2692,휴대폰판매,https://map.kakao.com/?from=total&nil_suggest=btn&q=%ED%9C%B4%EB%8C%80%ED%8F%B0%EC%84%B1%EC%A7%80&tab=place#none
휴대폰성지 청년폰 영등포점,서울 영등포구 영등포로 106 102동 상가동 123호,010-6218-7471,휴대폰판매,https://map.kakao.com/?from=total&nil_suggest=btn&q=%ED%9C%B4%EB%8C%80%ED%8F%B0%EC%84%B1%EC%A7%80&tab=place#none
휴대폰 성지 옆커폰 염창점,서울 강서구 양천로 683 주원리젠트 102동 1층 1호,010-7773-2131,휴대폰판매,https://map.kakao.com/?from=total&nil_suggest=btn&q=%ED%9C%B4%EB%8C%80%ED%8F%B0%EC%84%B1%EC%A7%80&tab=place#none
의정부휴대폰성지,경기 의정부시 오목로225번길 147 폴리프라자2 1층 110호,010-4000-7502,휴대폰판매,https://map.kakao.com/?from=total&nil_suggest=btn&q=%ED%9C%B4%EB%8C%80%ED%8F%B0%EC%84%B1%EC%A7%80&tab=place#none
휴대폰성지 천하통일 신길점,서울 영등포구 여의대방로 197 1층,010-2733-3700,휴대폰판매,https://map.kakao.com/?from=total&nil_suggest=btn&q=%ED%9C%B4%EB%8C%80%ED%8F%B0%EC%84%B1%EC%A7%80&tab=place#none
가산휴대폰성지,서울 금천구 가산디지털1로 142 1층 113호,010-2423-9892,휴대폰판매,https://map.kakao.com/?from=total&nil_suggest=btn&q=%ED%9C%B4%EB%8C%80%ED%8F%B0%EC%84%B1%EC%A7%80&tab=place#none
휴대폰성지 목동역점,서울 양천구 목동로 210 타운빌딩 1층 103호,010-5554-8696,휴대폰판매,https://map.kakao.com/?from=total&nil_suggest=btn&q=%ED%9C%B4%EB%8C%80%ED%8F%B0%EC%84%B1%EC%A7%80&tab=place#none
휴대폰성지 옆커폰 부천상동점,경기 부천시 원미구 상동로 84 영플러스 1층 101호,010-7422-4994,휴대폰판매,https://map.kakao.com/?from=total&nil_suggest=btn&q=%ED%9C%B4%EB%8C%80%ED%8F%B0%EC%84%B1%EC%A7%80&tab=place#none
휴대폰성지 청년폰 광명점,경기 광명시 광명로 877 한진타운 상가 A동 1층 1115호,010-4176-6604,휴대폰판매,https://map.kakao.com/?from=total&nil_suggest=btn&q=%ED%9C%B4%EB%8C%80%ED%8F%B0%EC%84%B1%EC%A7%80&tab=place#none
휴대폰성지 밴드폰 구리시점,경기 구리시 경춘로227번길 6-26 1층 101호,010-7225-6010,휴대폰판매,https://map.kakao.com/?from=total&nil_suggest=btn&q=%ED%9C%B4%EB%8C%80%ED%8F%B0%EC%84%B1%EC%A7%80&tab=place#none
휴대폰성지 옆커폰 송파위례점,서울 송파구 위례광장로 120 위례중앙푸르지오1단지 1층 132호,010-3468-0828,휴대폰판매,https://map.kakao.com/?from=total&nil_suggest=btn&q=%ED%9C%B4%EB%8C%80%ED%8F%B0%EC%84%B1%EC%A7%80&tab=place#none
휴대폰성지 직폰 개봉점,서울 구로구 남부순환로97길 3 KS프리미어빌딩 1층 102호,010-4766-6878,휴대폰판매,https://map.kakao.com/?from=total&nil_suggest=btn&q=%ED%9C%B4%EB%8C%80%ED%8F%B0%EC%84%B1%EC%A7%80&tab=place#none
휴대폰성지 서울지점,서울 구로구 새말로 97 신도림테크노마트 판매동 9층 327호,010-5564-1343,휴대폰판매,https://map.kakao.com/?from=total&nil_suggest=btn&q=%ED%9C%B4%EB%8C%80%ED%8F%B0%EC%84%B1%EC%A7%80&tab=place#none
핸드폰성지 폰당포 가산점,서울 금천구 가산디지털1로 212 코오롱디지털타워애스턴 1동 4층 405-5호,010-9541-7131,휴대폰판매,https://map.kakao.com/?from=total&nil_suggest=btn&q=%ED%9C%B4%EB%8C%80%ED%8F%B0%EC%84%B1%EC%A7%80&tab=place#none
휴대폰성지 정직폰 강서점,서울 강서구 공항대로 261 발산파크프라자 1층 104호,010-3957-9694,휴대폰판매,https://map.kakao.com/?from=total&nil_suggest=btn&q=%ED%9C%B4%EB%8C%80%ED%8F%B0%EC%84%B1%EC%A7%80&tab=place#none
일산휴대폰성지 도매폰센타,경기 고양시 덕양구 삼송로 12 반도유스퀘어 1층 114호 도매폰센타,010-8484-9499,휴대폰판매,https://map.kakao.com/?from=total&nil_suggest=btn&q=%ED%9C%B4%EB%8C%80%ED%8F%B0%EC%84%B1%EC%A7%80&tab=place#none
휴대폰성지 옆커폰 영등포양평역점,서울 영등포구 선유서로24길 6 영등포 중흥 S-CLASS 1층 115호,010-8302-5234,,https://map.kakao.com/?from=total&nil_suggest=btn&q=%ED%9C%B4%EB%8C%80%ED%8F%B0%EC%84%B1%EC%A7%80&tab=place#none
미사휴대폰성지,경기 하남시 미사강변동로 100-1 지하1층 B200호,010-7744-4224,휴대폰판매,https://map.kakao.com/?from=total&nil_suggest=btn&q=%ED%9C%B4%EB%8C%80%ED%8F%B0%EC%84%B1%EC%A7%80&tab=place#none
휴대폰성지 대박통신 위례직영점,경기 성남시 수정구 위례광장로 310 우성트램타워 B동 101호,010-9879-6444,휴대폰판매,https://map.kakao.com/?from=total&nil_suggest=btn&q=%ED%9C%B4%EB%8C%80%ED%8F%B0%EC%84%B1%EC%A7%80&tab=place#none
휴대폰성지 옆커폰 광명소하점,경기 광명시 소하로 78 신성프라자 1층 102호,010-2963-5031,휴대폰판매,https://map.kakao.com/?from=total&nil_suggest=btn&q=%ED%9C%B4%EB%8C%80%ED%8F%B0%EC%84%B1%EC%A7%80&tab=place#none
성남휴대폰 성지 산성점,경기 성남시 수정구 수정로 277 성한빌딩 106호,010-5353-9153,휴대폰판매,https://map.kakao.com/?from=total&nil_suggest=btn&q=%ED%9C%B4%EB%8C%80%ED%8F%B0%EC%84%B1%EC%A7%80&tab=place#none
휴대폰성지 밴드폰 신도림점,서울 구로구 새말로 102 신도림포스빌 1층 108호,010-7173-1014,휴대폰판매,https://map.kakao.com/?from=total&nil_suggest=btn&q=%ED%9C%B4%EB%8C%80%ED%8F%B0%EC%84%B1%EC%A7%80&tab=place#none
휴대폰성지 일등통신,경기 부천시 소사구 경인로 512 1층,010-4872-7388,휴대폰수리,https://map.kakao.com/?from=total&nil_suggest=btn&q=%ED%9C%B4%EB%8C%80%ED%8F%B0%EC%84%B1%EC%A7%80&tab=place#none
부천 휴대폰성지 올인폰,경기 부천시 소사구 경인로 64 광성빌딩 102호,010-7356-7919,휴대폰판매,https://map.kakao.com/?from=total&nil_suggest=btn&q=%ED%9C%B4%EB%8C%80%ED%8F%B0%EC%84%B1%EC%A7%80&tab=place#none
휴대폰성지 알뜰폰스토어 가능점,경기 의정부시 가능로 105 성원빌딩 1층,010-3367-3069,휴대폰판매,https://map.kakao.com/?from=total&nil_suggest=btn&q=%ED%9C%B4%EB%8C%80%ED%8F%B0%EC%84%B1%EC%A7%80&tab=place#none
휴대폰성지 옆커폰 주엽점,경기 고양시 일산서구 중앙로 1456 서현프라자 1층 113호,010-4475-5566,휴대폰판매,https://map.kakao.com/?from=total&nil_suggest=btn&q=%ED%9C%B4%EB%8C%80%ED%8F%B0%EC%84%B1%EC%A7%80&tab=place#none
휴대폰 파크 의정부성지점,"경기 의정부시 시민로 80 9층 909-1호 6,7호기 엘레베이터 앞",010-3719-5544,휴대폰판매,https://map.kakao.com/?from=total&nil_suggest=btn&q=%ED%9C%B4%EB%8C%80%ED%8F%B0%EC%84%B1%EC%A7%80&tab=place#none
휴대폰성지 옆커폰 신방화점,서울 강서구 마곡중앙5로 87 우성르보아투 1층 105호,010-7761-9777,휴대폰판매,https://map.kakao.com/?from=total&nil_suggest=btn&q=%ED%9C%B4%EB%8C%80%ED%8F%B0%EC%84%B1%EC%A7%80&tab=place#none
휴대폰성지SB,경기 의정부시 부용로 203 상가 1층휴대폰팝니다,010-2218-4718,휴대폰판매,https://map.kakao.com/?from=total&nil_suggest=btn&q=%ED%9C%B4%EB%8C%80%ED%8F%B0%EC%84%B1%EC%A7%80&tab=place#none
휴대폰성지 구로프로모바일,서울 구로구 구로중앙로 229 월드프라자 1층 17호 휴대폰성지 구로 프로모바일,010-9998-2155,휴대폰판매,https://map.kakao.com/?from=total&nil_suggest=btn&q=%ED%9C%B4%EB%8C%80%ED%8F%B0%EC%84%B1%EC%A7%80&tab=place#none
휴대폰성지 폰통령 송파점,서울 송파구 마천로 237 신동아아파트 상가동 1층 102호,010-2884-4285,휴대폰판매,https://map.kakao.com/?from=total&nil_suggest=btn&q=%ED%9C%B4%EB%8C%80%ED%8F%B0%EC%84%B1%EC%A7%80&tab=place#none
성남휴대폰성지 모두의폰 금광점,경기 성남시 중원구 광명로 339 1층 101호,010-8686-8612,휴대폰판매,https://map.kakao.com/?from=total&nil_suggest=btn&q=%ED%9C%B4%EB%8C%80%ED%8F%B0%EC%84%B1%EC%A7%80&tab=place#none
휴대폰성지 망월사역점,경기 의정부시 평화로 219 1층,010-5848-8080,휴대폰판매,https://map.kakao.com/?from=total&nil_suggest=btn&q=%ED%9C%B4%EB%8C%80%ED%8F%B0%EC%84%B1%EC%A7%80&tab=place#none
휴대폰성지 따르릉통신 다산점,경기 남양주시 다산중앙로146번길 12-16 파크뷰타워 1층 102호,010-7222-5347,휴대폰판매,https://map.kakao.com/?from=total&nil_suggest=btn&q=%ED%9C%B4%EB%8C%80%ED%8F%B0%EC%84%B1%EC%A7%80&tab=place#none
휴대폰성지 평내호평점,경기 남양주시 경춘로1256번길 10 1층,010-8553-9995,휴대폰판매,https://map.kakao.com/?from=total&nil_suggest=btn&q=%ED%9C%B4%EB%8C%80%ED%8F%B0%EC%84%B1%EC%A7%80&tab=place#none
휴대폰성지 마세라폰,서울 양천구 남부순환로83길 47 목동센트럴아이파크위브4단지 상가동 2층 4-19호,010-9549-8946,휴대폰판매,https://map.kakao.com/?from=total&nil_suggest=btn&q=%ED%9C%B4%EB%8C%80%ED%8F%B0%EC%84%B1%EC%A7%80&tab=place#none
휴대폰성지 옆커폰 부천소사점,경기 부천시 소사구 소사로159번길 6 1층,010-5671-4994,휴대폰판매,https://map.kakao.com/?from=total&nil_suggest=btn&q=%ED%9C%B4%EB%8C%80%ED%8F%B0%EC%84%B1%EC%A7%80&tab=place#none
휴대폰성지 따르릉통신 원흥역점,경기 고양시 덕양구 권율대로 671 원흥역 푸르지오 근린생활시설 1층 121호,010-2385-3941,휴대폰판매,https://map.kakao.com/?from=total&nil_suggest=btn&q=%ED%9C%B4%EB%8C%80%ED%8F%B0%EC%84%B1%EC%A7%80&tab=place#none
휴대폰 파크 부천성지점,경기 부천시 원미구 부천로3번길 48 2층 219호,010-7548-7649,휴대폰판매,https://map.kakao.com/?from=total&nil_suggest=btn&q=%ED%9C%B4%EB%8C%80%ED%8F%B0%EC%84%B1%EC%A7%80&tab=place#none
휴대폰성지 오케이씨컴퍼니,경기 남양주시 오남읍 진건오남로 567 1층,010-4869-2116,휴대폰판매,https://map.kakao.com/?from=total&nil_suggest=btn&q=%ED%9C%B4%EB%8C%80%ED%8F%B0%EC%84%B1%EC%A7%80&tab=place#none
구리성지휴대폰성지 핸드폰성지알뜰폰키즈폰,경기 구리시 경춘로227번길 6-26 1층 1호,010-7225-6010,,https://map.kakao.com/?from=total&nil_suggest=btn&q=%ED%9C%B4%EB%8C%80%ED%8F%B0%EC%84%B1%EC%A7%80&tab=place#none
부천 휴대폰성지 바르다폰 중동점,경기 부천시 원미구 부일로 326 1층 27호,010-4549-6661,,https://map.kakao.com/?from=total&nil_suggest=btn&q=%ED%9C%B4%EB%8C%80%ED%8F%B0%EC%84%B1%EC%A7%80&tab=place#none
휴대폰성지 모두의폰,경기 성남시 중원구 산성대로 지하 204-5 D동 가층 8호,010-3377-8305,휴대폰판매,https://map.kakao.com/?from=total&nil_suggest=btn&q=%ED%9C%B4%EB%8C%80%ED%8F%B0%EC%84%B1%EC%A7%80&tab=place#none
휴대폰성지 범텔레콤,경기 성남시 중원구 자혜로 73-2 1층,010-5766-6966,휴대폰판매,https://map.kakao.com/?from=total&nil_suggest=btn&q=%ED%9C%B4%EB%8C%80%ED%8F%B0%EC%84%B1%EC%A7%80&tab=place#none
휴대폰성지 청년폰 신도림테크노마트점,서울 구로구 새말로 97 신도림테크노마트 9층 112호,010-9939-2860,,https://map.kakao.com/?from=total&nil_suggest=btn&q=%ED%9C%B4%EB%8C%80%ED%8F%B0%EC%84%B1%EC%A7%80&tab=place#none
휴대폰성지 일타폰 파주점,경기 파주시 경의로 1204 월드타워 1층 107호,010-5190-0393,휴대폰판매,https://map.kakao.com/?from=total&nil_suggest=btn&q=%ED%9C%B4%EB%8C%80%ED%8F%B0%EC%84%B1%EC%A7%80&tab=place#none
휴대폰성지 일타폰 판교점,경기 성남시 분당구 판교역로 136 힐스테이트판교역 지하1층 B1113호,010-6671-0100,휴대폰판매,https://map.kakao.com/?from=total&nil_suggest=btn&q=%ED%9C%B4%EB%8C%80%ED%8F%B0%EC%84%B1%EC%A7%80&tab=place#none
휴대폰성지,인천 남동구 서창남순환로 223 아페리온 A동 1층 103호,010-5272-0908,휴대폰판매,https://map.kakao.com/?from=total&nil_suggest=btn&q=%ED%9C%B4%EB%8C%80%ED%8F%B0%EC%84%B1%EC%A7%80&tab=place#none
휴대폰성지 판교점,경기 성남시 분당구 판교역로 240 삼환하이펙스 A동 116호,010-3596-6628,휴대폰판매,https://map.kakao.com/?from=total&nil_suggest=btn&q=%ED%9C%B4%EB%8C%80%ED%8F%B0%EC%84%B1%EC%A7%80&tab=place#none
휴대폰성지 밴드폰 일산점,경기 고양시 일산동구 정발산로 24 웨스턴돔2 1층 A동 139호,010-3262-1033,휴대폰판매,https://map.kakao.com/?from=total&nil_suggest=btn&q=%ED%9C%B4%EB%8C%80%ED%8F%B0%EC%84%B1%EC%A7%80&tab=place#none
휴대폰성지 옆커폰 양주덕계역점,경기 양주시 덕계로 138-32 115호,010-8389-9569,휴대폰판매,https://map.kakao.com/?from=total&nil_suggest=btn&q=%ED%9C%B4%EB%8C%80%ED%8F%B0%EC%84%B1%EC%A7%80&tab=place#none
휴대폰성지 옆커폰 용인죽전점,경기 용인시 수지구 현암로 81 벤포스타 1층 111호,010-3322-6922,휴대폰판매,https://map.kakao.com/?from=total&nil_suggest=btn&q=%ED%9C%B4%EB%8C%80%ED%8F%B0%EC%84%B1%EC%A7%80&tab=place#none
휴대폰성지 말폰 일산점,경기 고양시 일산서구 한류월드로 300 고양원마운트 스포츠몰동 1층 1132호,010-6501-5544,휴대폰판매,https://map.kakao.com/?from=total&nil_suggest=btn&q=%ED%9C%B4%EB%8C%80%ED%8F%B0%EC%84%B1%EC%A7%80&tab=place#none
휴대폰성지 옆커폰 김포장기점,경기 김포시 김포한강1로 77-4 1동 102호,010-5627-8862,휴대폰판매,https://map.kakao.com/?from=total&nil_suggest=btn&q=%ED%9C%B4%EB%8C%80%ED%8F%B0%EC%84%B1%EC%A7%80&tab=place#none
휴대폰성지 스마트폰면세점 포일점,경기 의왕시 안양판교로 101 1층 101호,010-5562-5651,,https://map.kakao.com/?from=total&nil_suggest=btn&q=%ED%9C%B4%EB%8C%80%ED%8F%B0%EC%84%B1%EC%A7%80&tab=place#none
휴대폰성지,경기 시흥시 서울대학로278번길 43-7 배곧유호N-CITY1차 113호,010-5275-4448,휴대폰판매,https://map.kakao.com/?from=total&nil_suggest=btn&q=%ED%9C%B4%EB%8C%80%ED%8F%B0%EC%84%B1%EC%A7%80&tab=place#none
휴대폰성지 옆커폰 검단사거리역점,인천 서구 완정로 163 트리풀타워 A동 101호,010-3333-7603,,https://map.kakao.com/?from=total&nil_suggest=btn&q=%ED%9C%B4%EB%8C%80%ED%8F%B0%EC%84%B1%EC%A7%80&tab=place#none
김포휴대폰성지,경기 김포시 태장로 800 현대메디컬프라자 1층 104호,010-3594-9504,휴대폰판매,https://map.kakao.com/?from=total&nil_suggest=btn&q=%ED%9C%B4%EB%8C%80%ED%8F%B0%EC%84%B1%EC%A7%80&tab=place#none
휴대폰성지 옆커폰 만수점,인천 남동구 만수로 55 1층 101호,010-2894-6771,휴대폰판매,https://map.kakao.com/?from=total&nil_suggest=btn&q=%ED%9C%B4%EB%8C%80%ED%8F%B0%EC%84%B1%EC%A7%80&tab=place#none
휴대폰성지 패밀리모바일 불로점,인천 서구 검단로768번길 17 불로동금호어울림아파트 상가 1층 105호,010-6681-9950,휴대폰판매,https://map.kakao.com/?from=total&nil_suggest=btn&q=%ED%9C%B4%EB%8C%80%ED%8F%B0%EC%84%B1%EC%A7%80&tab=place#none
분당성지휴대폰성지 핸드폰성지알뜰폰키즈폰,경기 성남시 분당구 판교역로 240 1층 116호,010-3596-6628,,https://map.kakao.com/?from=total&nil_suggest=btn&q=%ED%9C%B4%EB%8C%80%ED%8F%B0%EC%84%B1%EC%A7%80&tab=place#none
핸드폰성지 프리스모바일 인천부평본점,인천 부평구 부흥로 342 1층 102호,010-8989-1946,,https://map.kakao.com/?from=total&nil_suggest=btn&q=%ED%9C%B4%EB%8C%80%ED%8F%B0%EC%84%B1%EC%A7%80&tab=place#none
휴대폰성지 옆커폰 일산라페스타점,경기 고양시 일산동구 무궁화로 32-34 라페스타C 1층 116-1호,010-3452-6484,,https://map.kakao.com/?from=total&nil_suggest=btn&q=%ED%9C%B4%EB%8C%80%ED%8F%B0%EC%84%B1%EC%A7%80&tab=place#none
핸드폰성지 프리스모바일 굴포천점,인천 부평구 장제로 212 1층,010-8989-1946,,https://map.kakao.com/?from=total&nil_suggest=btn&q=%ED%9C%B4%EB%8C%80%ED%8F%B0%EC%84%B1%EC%A7%80&tab=place#none
휴대폰성지 패밀리모바일 연희점,인천 서구 연희로 20 1층 101호,010-7324-1305,휴대폰판매,https://map.kakao.com/?from=total&nil_suggest=btn&q=%ED%9C%B4%EB%8C%80%ED%8F%B0%EC%84%B1%EC%A7%80&tab=place#none
휴대폰성지 옆커폰 간석점,인천 남동구 석산로 17 삼도빌딩 1층,010-8389-4470,휴대폰판매,https://map.kakao.com/?from=total&nil_suggest=btn&q=%ED%9C%B4%EB%8C%80%ED%8F%B0%EC%84%B1%EC%A7%80&tab=place#none
휴대폰 성지 옆커 폰 광주양벌점,경기 광주시 양벌로 300-1 101동 1층 102호,010-8069-8353,휴대폰판매,https://map.kakao.com/?from=total&nil_suggest=btn&q=%ED%9C%B4%EB%8C%80%ED%8F%B0%EC%84%B1%EC%A7%80&tab=place#none
휴대폰성지,"경기 시흥시 옥구천동로 422 상가동 114호(정왕동, 영남아파트)",010-9488-1209,휴대폰판매,https://map.kakao.com/?from=total&nil_suggest=btn&q=%ED%9C%B4%EB%8C%80%ED%8F%B0%EC%84%B1%EC%A7%80&tab=place#none
휴대폰성지 우주모바일,인천 남동구 구월로 60 1층,010-8008-8408,휴대폰판매,https://map.kakao.com/?from=total&nil_suggest=btn&q=%ED%9C%B4%EB%8C%80%ED%8F%B0%EC%84%B1%EC%A7%80&tab=place#none
휴대폰성지 황싸장 만수점,인천 남동구 소래로669번길 51 1층 3호,010-2322-5011,휴대폰판매,https://map.kakao.com/?from=total&nil_suggest=btn&q=%ED%9C%B4%EB%8C%80%ED%8F%B0%EC%84%B1%EC%A7%80&tab=place#none
휴대폰성지 미소폰 보정점,경기 용인시 기흥구 죽전로 2 현타워 106~107호,010-9711-3334,휴대폰판매,https://map.kakao.com/?from=total&nil_suggest=btn&q=%ED%9C%B4%EB%8C%80%ED%8F%B0%EC%84%B1%EC%A7%80&tab=place#none
휴대폰성지 휴대폰클라스,경기 용인시 수지구 대지로 129 101호,010-8029-0766,휴대폰판매,https://map.kakao.com/?from=total&nil_suggest=btn&q=%ED%9C%B4%EB%8C%80%ED%8F%B0%EC%84%B1%EC%A7%80&tab=place#none
핸드폰성지 패밀리모바일 당하점,인천 서구 청마로 171 청석빌딩 102호,010-7512-8179,휴대폰판매,https://map.kakao.com/?from=total&nil_suggest=btn&q=%ED%9C%B4%EB%8C%80%ED%8F%B0%EC%84%B1%EC%A7%80&tab=place#none
휴대폰성지 청년폰 파주운정점,경기 파주시 청암로17번길 33 현대메디컬프라자 1층 101호,010-3524-7397,휴대폰판매,https://map.kakao.com/?from=total&nil_suggest=btn&q=%ED%9C%B4%EB%8C%80%ED%8F%B0%EC%84%B1%EC%A7%80&tab=place#none
휴대폰성지 배홍통신,인천 미추홀구 경인로499번길 8 1층 104호,010-8177-4888,휴대폰판매,https://map.kakao.com/?from=total&nil_suggest=btn&q=%ED%9C%B4%EB%8C%80%ED%8F%B0%EC%84%B1%EC%A7%80&tab=place#none
별마루 휴대폰성지 청라점,인천 서구 청라라임로 85 상가B동 114호,010-3129-5882,휴대폰판매,https://map.kakao.com/?from=total&nil_suggest=btn&q=%ED%9C%B4%EB%8C%80%ED%8F%B0%EC%84%B1%EC%A7%80&tab=place#none
인천 휴대폰성지 말포이모바일 주안점,인천 미추홀구 석정로440번길 20 1층 102호,010-5842-4223,,https://map.kakao.com/?from=total&nil_suggest=btn&q=%ED%9C%B4%EB%8C%80%ED%8F%B0%EC%84%B1%EC%A7%80&tab=place#none
휴대폰성지 패밀리모바일 루원시티점,인천 서구 봉오재3로 66 루원시티프라디움 상가1동 107호,010-9662-9107,,https://map.kakao.com/?from=total&nil_suggest=btn&q=%ED%9C%B4%EB%8C%80%ED%8F%B0%EC%84%B1%EC%A7%80&tab=place#none
휴대폰성지 패밀리모바일 심곡점,인천 서구 탁옥로 31 태영프라자 1층 105호,010-4282-9080,휴대폰판매,https://map.kakao.com/?from=total&nil_suggest=btn&q=%ED%9C%B4%EB%8C%80%ED%8F%B0%EC%84%B1%EC%A7%80&tab=place#none
휴대폰성지 직폰 시흥점,경기 시흥시 서울대학로264번길 44-4 에스프라자 1층 106호,010-8483-6661,휴대폰판매,https://map.kakao.com/?from=total&nil_suggest=btn&q=%ED%9C%B4%EB%8C%80%ED%8F%B0%EC%84%B1%EC%A7%80&tab=place#none
휴대폰성지 판다폰 루원시티점,인천 서구 원창로 244 1층,010-2323-6702,휴대폰판매,https://map.kakao.com/?from=total&nil_suggest=btn&q=%ED%9C%B4%EB%8C%80%ED%8F%B0%EC%84%B1%EC%A7%80&tab=place#none
동탄휴대폰성지 도매폰센타,경기 화성시 동탄솔빛로 53 모닝타운 109호 동탄도매폰센타,010-7687-0786,휴대폰판매,https://map.kakao.com/?from=total&nil_suggest=btn&q=%ED%9C%B4%EB%8C%80%ED%8F%B0%EC%84%B1%EC%A7%80&tab=place#none
신봉휴대폰성지 휴대폰센터,경기 용인시 수지구 신봉2로 5 에덴파크 1층 105호,010-5538-0092,휴대폰판매,https://map.kakao.com/?from=total&nil_suggest=btn&q=%ED%9C%B4%EB%8C%80%ED%8F%B0%EC%84%B1%EC%A7%80&tab=place#none
휴대폰성지 중앙점,경기 안산시 단원구 예술대학로 11 1층 101호,010-7380-1821,휴대폰판매,https://map.kakao.com/?from=total&nil_suggest=btn&q=%ED%9C%B4%EB%8C%80%ED%8F%B0%EC%84%B1%EC%A7%80&tab=place#none
휴대폰성지 원곡점,경기 안산시 단원구 화랑로 98 복원연립 상가동 103호,010-3300-1821,휴대폰판매,https://map.kakao.com/?from=total&nil_suggest=btn&q=%ED%9C%B4%EB%8C%80%ED%8F%B0%EC%84%B1%EC%A7%80&tab=place#none
휴대폰성지 판다폰 논현점,인천 남동구 소래역서로 4 1층 101호,010-8425-6441,휴대폰판매,https://map.kakao.com/?from=total&nil_suggest=btn&q=%ED%9C%B4%EB%8C%80%ED%8F%B0%EC%84%B1%EC%A7%80&tab=place#none
휴대폰성지 쿠키모바일,인천 서구 가정로151번길 4 가좌코오롱하늘채메트로 103동 1층 110호,010-8110-7778,통신기기,https://map.kakao.com/?from=total&nil_suggest=btn&q=%ED%9C%B4%EB%8C%80%ED%8F%B0%EC%84%B1%EC%A7%80&tab=place#none
휴대폰성지 옆커폰 금곡점,경기 수원시 권선구 금곡로102번길 29 센트럴프라자 A동 1층 103호,010-4385-7057,휴대폰판매,https://map.kakao.com/?from=total&nil_suggest=btn&q=%ED%9C%B4%EB%8C%80%ED%8F%B0%EC%84%B1%EC%A7%80&tab=place#none
인천핸드폰성지 의형제모바일,인천 연수구 용담로 129 1층,010-2112-8982,휴대폰판매,https://map.kakao.com/?from=total&nil_suggest=btn&q=%ED%9C%B4%EB%8C%80%ED%8F%B0%EC%84%B1%EC%A7%80&tab=place#none
휴대폰성지 옆커폰 성복역점,경기 용인시 수지구 수지로 119 데이파크 C동 1층 110호,010-3220-4682,휴대폰판매,https://map.kakao.com/?from=total&nil_suggest=btn&q=%ED%9C%B4%EB%8C%80%ED%8F%B0%EC%84%B1%EC%A7%80&tab=place#none
휴대폰성지도매폰 매교점,경기 수원시 팔달구 정조로 667 101호,010-8033-7855,휴대폰판매,https://map.kakao.com/?from=total&nil_suggest=btn&q=%ED%9C%B4%EB%8C%80%ED%8F%B0%EC%84%B1%EC%A7%80&tab=place#none
휴대폰파크 안산성지점,경기 안산시 단원구 중앙대로 921 1층 103호,010-3702-6637,휴대폰판매,https://map.kakao.com/?from=total&nil_suggest=btn&q=%ED%9C%B4%EB%8C%80%ED%8F%B0%EC%84%B1%EC%A7%80&tab=place#none
휴대폰성지 판다폰 용현점,인천 미추홀구 용정공원로 33 인천 SK Sky VIEW A-2동 1층 103호,010-9868-4334,휴대폰판매,https://map.kakao.com/?from=total&nil_suggest=btn&q=%ED%9C%B4%EB%8C%80%ED%8F%B0%EC%84%B1%EC%A7%80&tab=place#none
휴대폰성지 수원성지폰,경기 수원시 팔달구 중부대로 123 1층 101호,010-7773-8606,휴대폰판매,https://map.kakao.com/?from=total&nil_suggest=btn&q=%ED%9C%B4%EB%8C%80%ED%8F%B0%EC%84%B1%EC%A7%80&tab=place#none
휴대폰성지 밴드폰 안산점,경기 안산시 단원구 광덕4로 112 1층 114호,010-2166-1002,휴대폰판매,https://map.kakao.com/?from=total&nil_suggest=btn&q=%ED%9C%B4%EB%8C%80%ED%8F%B0%EC%84%B1%EC%A7%80&tab=place#none
휴대폰성지 싸당 수원점,경기 수원시 팔달구 팔달로 31 서영아너시티온 208호,010-8104-8877,휴대폰판매,https://map.kakao.com/?from=total&nil_suggest=btn&q=%ED%9C%B4%EB%8C%80%ED%8F%B0%EC%84%B1%EC%A7%80&tab=place#none
휴대폰성지폰 신사 수원우만점,경기 수원시 팔달구 권광로367번길 11 상가동 1층 101호,010-2614-9613,휴대폰판매,https://map.kakao.com/?from=total&nil_suggest=btn&q=%ED%9C%B4%EB%8C%80%ED%8F%B0%EC%84%B1%EC%A7%80&tab=place#none
용인휴대폰성지 도매아울렛 7호점,경기 용인시 기흥구 마북로154번길 3 테라스가든 B동 1층 109호,010-7664-7678,,https://map.kakao.com/?from=total&nil_suggest=btn&q=%ED%9C%B4%EB%8C%80%ED%8F%B0%EC%84%B1%EC%A7%80&tab=place#none
광교휴대폰성지 도매아울렛 5호점,경기 용인시 수지구 광교중앙로 320 스타지 110호,010-9946-5372,,https://map.kakao.com/?from=total&nil_suggest=btn&q=%ED%9C%B4%EB%8C%80%ED%8F%B0%EC%84%B1%EC%A7%80&tab=place#none
휴대폰성지 옆커폰 화성향남점,경기 화성시 향남읍 행정중앙2로 67 1층 116호,010-5761-7777,휴대폰판매,https://map.kakao.com/?from=total&nil_suggest=btn&q=%ED%9C%B4%EB%8C%80%ED%8F%B0%EC%84%B1%EC%A7%80&tab=place#none
인천핸드폰성지 뽀로로모바일 3호점,인천 미추홀구 독배로 437 가우디 1층 101호,010-5965-0687,,https://map.kakao.com/?from=total&nil_suggest=btn&q=%ED%9C%B4%EB%8C%80%ED%8F%B0%EC%84%B1%EC%A7%80&tab=place#none
휴대폰성지 메가폰 송도점,인천 연수구 인천타워대로132번길 9 롯데몰송도캐슬파크 1층 125호,010-4417-4443,휴대폰판매,https://map.kakao.com/?from=total&nil_suggest=btn&q=%ED%9C%B4%EB%8C%80%ED%8F%B0%EC%84%B1%EC%A7%80&tab=place#none
휴대폰성지 도매폰,경기 화성시 장조2로 12 1층,010-7740-2847,휴대폰판매,https://map.kakao.com/?from=total&nil_suggest=btn&q=%ED%9C%B4%EB%8C%80%ED%8F%B0%EC%84%B1%EC%A7%80&tab=place#none
휴대폰성지 정직폰 용인점,경기 용인시 기흥구 기흥역로 9 기흥역 롯데캐슬 레이시티 상가 130호,010-7632-9744,휴대폰판매,https://map.kakao.com/?from=total&nil_suggest=btn&q=%ED%9C%B4%EB%8C%80%ED%8F%B0%EC%84%B1%EC%A7%80&tab=place#none
휴대폰성지 도매폰 서천점,경기 용인시 기흥구 서천로127번길 4 1층 112호,010-5799-9400,휴대폰판매,https://map.kakao.com/?from=total&nil_suggest=btn&q=%ED%9C%B4%EB%8C%80%ED%8F%B0%EC%84%B1%EC%A7%80&tab=place#none
남양중고폰휴대폰자급제 성지폰,경기 화성시 남양읍 시청로 107 1층,010-2757-6492,휴대폰판매,https://map.kakao.com/?from=total&nil_suggest=btn&q=%ED%9C%B4%EB%8C%80%ED%8F%B0%EC%84%B1%EC%A7%80&tab=place#none
휴대폰성지 정직폰 화성점,경기 화성시 동부대로 1062 동탄역동원로얄듀크비스타3차 609동 1층 109호,010-5692-1874,휴대폰판매,https://map.kakao.com/?from=total&nil_suggest=btn&q=%ED%9C%B4%EB%8C%80%ED%8F%B0%EC%84%B1%EC%A7%80&tab=place#none
휴대폰성지 직폰 동탄점,경기 화성시 동탄순환대로 697 1층 105호,010-2754-6088,휴대폰판매,https://map.kakao.com/?from=total&nil_suggest=btn&q=%ED%9C%B4%EB%8C%80%ED%8F%B0%EC%84%B1%EC%A7%80&tab=place#none
동탄 휴대폰성지 지조모바일,경기 화성시 동탄대로5길 15 그랑파사쥬 12블럭 1층 1014호,010-8039-0504,휴대폰판매,https://map.kakao.com/?from=total&nil_suggest=btn&q=%ED%9C%B4%EB%8C%80%ED%8F%B0%EC%84%B1%EC%A7%80&tab=place#none
동탄휴대폰성지 미소폰 병점지점,경기 화성시 효행로 1068 리더스프라자 1층 111호,010-3267-3393,휴대폰판매,https://map.kakao.com/?from=total&nil_suggest=btn&q=%ED%9C%B4%EB%8C%80%ED%8F%B0%EC%84%B1%EC%A7%80&tab=place#none
휴대폰성지옆커폰 화성시동탄점,경기 화성시 동탄대로시범길 261 리더스프라자 1층 111호,010-7603-7762,휴대폰판매,https://map.kakao.com/?from=total&nil_suggest=btn&q=%ED%9C%B4%EB%8C%80%ED%8F%B0%EC%84%B1%EC%A7%80&tab=place#none
휴대폰성지 스마트폰면세점 그랑자이점,경기 안산시 상록구 해양4로 26 센터프라자 1층 103호,010-9033-1991,,https://map.kakao.com/?from=total&nil_suggest=btn&q=%ED%9C%B4%EB%8C%80%ED%8F%B0%EC%84%B1%EC%A7%80&tab=place#none
휴대폰성지 동탄성지폰,경기 화성시 동탄치동천로1길 8 1층 102호,010-9833-3093,휴대폰판매,https://map.kakao.com/?from=total&nil_suggest=btn&q=%ED%9C%B4%EB%8C%80%ED%8F%B0%EC%84%B1%EC%A7%80&tab=place#none
휴대폰성지 역전폰 본점,경기 오산시 원동로37번길 23 1층 102호,010-8024-6056,휴대폰판매,https://map.kakao.com/?from=total&nil_suggest=btn&q=%ED%9C%B4%EB%8C%80%ED%8F%B0%EC%84%B1%EC%A7%80&tab=place#none
이천휴대폰성지 쌀밥통신,경기 이천시 서희로 26 1층,010-7776-1177,휴대폰판매,https://map.kakao.com/?from=total&nil_suggest=btn&q=%ED%9C%B4%EB%8C%80%ED%8F%B0%EC%84%B1%EC%A7%80&tab=place#none
오산휴대폰성지 싸싸폰,경기 오산시 역광장로 43 1층,010-4005-3624,휴대폰판매,https://map.kakao.com/?from=total&nil_suggest=btn&q=%ED%9C%B4%EB%8C%80%ED%8F%B0%EC%84%B1%EC%A7%80&tab=place#none
휴대폰성지 도비모바일 화성병점점,경기 화성시 병점1로 216-21 태안병점이-타운쓰리 1층 111호,010-9835-4223,,https://map.kakao.com/?from=total&nil_suggest=btn&q=%ED%9C%B4%EB%8C%80%ED%8F%B0%EC%84%B1%EC%A7%80&tab=place#none
휴대폰성지 휴대폰청년들,경기 오산시 오산로 67-1 1층 101호,010-3333-8916,휴대폰판매,https://map.kakao.com/?from=total&nil_suggest=btn&q=%ED%9C%B4%EB%8C%80%ED%8F%B0%EC%84%B1%EC%A7%80&tab=place#none
휴대폰성지 와이즈텔레콤 전곡점,경기 연천군 전곡읍 은전로78번길 21 1층,010-7757-7753,휴대폰판매,https://map.kakao.com/?from=total&nil_suggest=btn&q=%ED%9C%B4%EB%8C%80%ED%8F%B0%EC%84%B1%EC%A7%80&tab=place#none
휴대폰성지 옆커폰 오산원동점,경기 오산시 경기대로 155 1층,010-6345-3649,휴대폰판매,https://map.kakao.com/?from=total&nil_suggest=btn&q=%ED%9C%B4%EB%8C%80%ED%8F%B0%EC%84%B1%EC%A7%80&tab=place#none
휴대폰성지 폰신사 동탄점,경기 화성시 동탄대로시범길 134 판매시설 1층 1108호,010-8174-0199,휴대폰판매,https://map.kakao.com/?from=total&nil_suggest=btn&q=%ED%9C%B4%EB%8C%80%ED%8F%B0%EC%84%B1%EC%A7%80&tab=place#none
동탄핸드폰 성지 도매아울렛4호점,경기 화성시 동탄반석로 144 103호,010-9844-5372,,https://map.kakao.com/?from=total&nil_suggest=btn&q=%ED%9C%B4%EB%8C%80%ED%8F%B0%EC%84%B1%EC%A7%80&tab=place#none
휴대폰성지 옆커폰 평택직영점,경기 평택시 평택2로 29-2 1층,010-3144-6717,휴대폰판매,https://map.kakao.com/?from=total&nil_suggest=btn&q=%ED%9C%B4%EB%8C%80%ED%8F%B0%EC%84%B1%EC%A7%80&tab=place#none
휴대폰성지 도매폰센터 고덕점,경기 평택시 고덕로 246 103-1호 (고덕동) 1층 도매폰센터,010-4949-4483,휴대폰판매,https://map.kakao.com/?from=total&nil_suggest=btn&q=%ED%9C%B4%EB%8C%80%ED%8F%B0%EC%84%B1%EC%A7%80&tab=place#none
평택휴대폰성지 도매폰센터,경기 평택시 용죽3로 24 1층 103호,010-8409-7773,휴대폰판매,https://map.kakao.com/?from=total&nil_suggest=btn&q=%ED%9C%B4%EB%8C%80%ED%8F%B0%EC%84%B1%EC%A7%80&tab=place#none
휴대폰성지 동탄도매폰센타 평택점,경기 평택시 영신1길 39 102호,010-6769-7889,,https://map.kakao.com/?from=total&nil_suggest=btn&q=%ED%9C%B4%EB%8C%80%ED%8F%B0%EC%84%B1%EC%A7%80&tab=place#none
휴대폰성지 옆커폰 안성점,경기 안성시 중앙로 352 1층 101호,010-9747-4688,휴대폰판매,https://map.kakao.com/?from=total&nil_suggest=btn&q=%ED%9C%B4%EB%8C%80%ED%8F%B0%EC%84%B1%EC%A7%80&tab=place#none
휴대폰성지,충남 아산시 탕정면 갈산샛들로 57,010-3333-1049,휴대폰판매,https://map.kakao.com/?from=total&nil_suggest=btn&q=%ED%9C%B4%EB%8C%80%ED%8F%B0%EC%84%B1%EC%A7%80&tab=place#none
휴대폰성지,충남 천안시 동남구 신촌4로 42,010-7770-8066,휴대폰판매,https://map.kakao.com/?from=total&nil_suggest=btn&q=%ED%9C%B4%EB%8C%80%ED%8F%B0%EC%84%B1%EC%A7%80&tab=place#none
휴대폰성지,세종특별자치시 한누리대로 165 세종메디피아 1층 105-A호,010-8892-4711,휴대폰판매,https://map.kakao.com/?from=total&nil_suggest=btn&q=%ED%9C%B4%EB%8C%80%ED%8F%B0%EC%84%B1%EC%A7%80&tab=place#none
휴대폰성지 직폰 불당점,충남 천안시 서북구 불당21로 71 정석프라자3차 1층 114호,010-9592-8838,휴대폰판매,https://map.kakao.com/?from=total&nil_suggest=btn&q=%ED%9C%B4%EB%8C%80%ED%8F%B0%EC%84%B1%EC%A7%80&tab=place#none
휴대폰성지 무실동 본점,강원특별자치도 원주시 능라동길 48 1층,010-3146-3262,휴대폰판매,https://map.kakao.com/?from=total&nil_suggest=btn&q=%ED%9C%B4%EB%8C%80%ED%8F%B0%EC%84%B1%EC%A7%80&tab=place#none
휴대폰성지 옆커폰,충북 충주시 앙성면 가곡로 1016,010-7242-5115,휴대폰판매,https://map.kakao.com/?from=total&nil_suggest=btn&q=%ED%9C%B4%EB%8C%80%ED%8F%B0%EC%84%B1%EC%A7%80&tab=place#none
청주휴대폰 성지옆커폰 강서점,충북 청주시 흥덕구 2순환로 1222 신해블루지움 1층 105호,010-7103-7977,휴대폰판매,https://map.kakao.com/?from=total&nil_suggest=btn&q=%ED%9C%B4%EB%8C%80%ED%8F%B0%EC%84%B1%EC%A7%80&tab=place#none
청주휴대폰성지,충북 청주시 흥덕구 대농로 47 홍복드림몰 1동 1층 104호,010-2684-0294,휴대폰판매,https://map.kakao.com/?from=total&nil_suggest=btn&q=%ED%9C%B4%EB%8C%80%ED%8F%B0%EC%84%B1%EC%A7%80&tab=place#none
휴대폰성지,대전 서구 대덕대로 182 오라클빌딩 1층 104호,010-9848-4711,휴대폰판매,https://map.kakao.com/?from=total&nil_suggest=btn&q=%ED%9C%B4%EB%8C%80%ED%8F%B0%EC%84%B1%EC%A7%80&tab=place#none
휴대폰성지 폰폰폰,충북 청주시 청원구 율량로 96 103호,010-5510-4019,휴대폰판매,https://map.kakao.com/?from=total&nil_suggest=btn&q=%ED%9C%B4%EB%8C%80%ED%8F%B0%EC%84%B1%EC%A7%80&tab=place#none
청주휴대폰 성지 옆커폰 사창점,충북 청주시 서원구 내수동로 117-1 1층,010-3839-0245,휴대폰판매,https://map.kakao.com/?from=total&nil_suggest=btn&q=%ED%9C%B4%EB%8C%80%ED%8F%B0%EC%84%B1%EC%A7%80&tab=place#none
충주휴대폰성지,충북 충주시 호암수청1로 60 상가동 1층 103호,010-9760-5000,휴대폰판매,https://map.kakao.com/?from=total&nil_suggest=btn&q=%ED%9C%B4%EB%8C%80%ED%8F%B0%EC%84%B1%EC%A7%80&tab=place#none
휴대폰성지 직폰 청당점,충남 천안시 동남구 청당2길 83-8 1층 101호,010-2932-8853,휴대폰판매,https://map.kakao.com/?from=total&nil_suggest=btn&q=%ED%9C%B4%EB%8C%80%ED%8F%B0%EC%84%B1%EC%A7%80&tab=place#none
휴대폰성지 밴드폰 당진점,충남 당진시 당진중앙2로 117-34 1층,010-3333-4629,휴대폰판매,https://map.kakao.com/?from=total&nil_suggest=btn&q=%ED%9C%B4%EB%8C%80%ED%8F%B0%EC%84%B1%EC%A7%80&tab=place#none
휴대폰 성지 옆커폰 봉명점,충북 청주시 흥덕구 덕암로108번길 51 1층,010-7684-3503,휴대폰수리,https://map.kakao.com/?from=total&nil_suggest=btn&q=%ED%9C%B4%EB%8C%80%ED%8F%B0%EC%84%B1%EC%A7%80&tab=place#none
휴대폰성지 밴드폰 원주무실점,강원특별자치도 원주시 시청로 11 채움플러스무실1차 1층 109호,010-3146-3262,휴대폰판매,https://map.kakao.com/?from=total&nil_suggest=btn&q=%ED%9C%B4%EB%8C%80%ED%8F%B0%EC%84%B1%EC%A7%80&tab=place#none
